player_id,Player,Matches,Unret%,<=3 W%,RiP W%_x,SvImpact,1st: Unret%,<=3 W%.1,RiP W%.1_x,SvImpact.1,D Wide%,A Wide%,BP Wide%,2nd: Unret%,<=3 W%.2,RiP W%.2_x,D Wide%.1,A Wide%.1,BP Wide%.1,2ndAgg,RiP%,RiP W%_y,RetWnr%,Wnr FH%,RDI,Slice%,1st: RiP%,RiP W%.1_y,RetWnr%.1,RDI.1,Slice%.1,2nd: RiP%,RiP W%.2_y,RetWnr%.2,RDI.2,Slice%.2,RallyLen,RLen-Serve,RLen-Return,1-3 W%,4-6 W%,7-9 W%,10+ W%,FH/GS,BH Slice%,FHP/Match,FHP/100,BHP/Match,BHP/100,SnV Freq,SnV W%,Net Freq,Net W%,FH Wnr%,FH DTL Wnr%,FH IO Wnr%,BH Wnr%,BH DTL Wnr%,Drop Freq,Drop Wnr%,RallyAgg,ReturnAgg
1,Michael Stich,27,35.0%,50.9%,50.0%,42.2%,46.8%,64.6%,55.1%,59.8%,45.7%,44.3%,51.8%,23.8%,39.6%,44.8%,19.2%,58.6%,70.5%,99,66.3%,46.1%,10.5%,30.1%,1.71,19.6%,62.9%,42.3%,7.7%,1.6,24.0%,81.3%,50.8%,16.3%,1.83,15.2%,3.1,2.6,3.6,51.2%,47.6%,43.6%,52.2%,40.8%,39.1%,1.6,2.1,2.1,2.8,73.1%,66.8%,39.6%,66.3%,13.2%,19.9%,13.5%,16.5%,28.4%,1.6%,31.5%,44,69
2,Alexander Zverev,231,31.0%,41.4%,52.6%,37.5%,39.7%,52.4%,55.6%,49.6%,48.4%,40.9%,36.1%,17.1%,24.1%,47.7%,14.0%,37.3%,33.5%,41,70.4%,48.7%,2.2%,52.4%,2.23,19.1%,65.2%,45.5%,1.8%,2.18,26.7%,87.2%,53.1%,3.3%,2.31,6.6%,4.3,4.1,4.5,51.3%,51.0%,47.9%,51.0%,47.6%,12.1%,4.1,3.2,3.3,2.5,2.1%,67.3%,11.3%,64.4%,10.6%,15.3%,10.3%,8.0%,25.5%,1.0%,32.7%,-44,-15
3,Aljaz Bedene,37,27.1%,37.1%,48.1%,32.1%,37.6%,50.3%,53.2%,46.7%,38.9%,42.7%,42.6%,16.9%,24.6%,42.9%,29.5%,57.7%,68.3%,48,70.0%,45.2%,4.6%,60.0%,2.12,17.0%,67.2%,41.8%,2.5%,2.13,30.4%,85.0%,50.3%,9.2%,2.12,3.7%,4.2,4.1,4.3,49.2%,46.4%,47.4%,49.0%,51.8%,15.0%,4.7,3.5,-2.7,-2.5,1.1%,69.0%,7.0%,67.4%,12.6%,15.6%,8.9%,5.2%,15.0%,1.5%,28.6%,-34,-20
4,Jenson Brooksby,27,19.9%,28.9%,53.3%,25.5%,24.4%,35.9%,57.4%,33.1%,46.7%,46.8%,52.6%,12.0%,16.5%,46.6%,19.4%,36.2%,44.6%,-15,69.0%,50.0%,4.1%,45.5%,2.28,11.7%,63.8%,46.7%,2.7%,2.22,18.4%,85.2%,54.5%,7.1%,2.37,0.6%,5.2,5.7,4.7,48.4%,48.2%,53.0%,54.9%,44.6%,10.2%,6.2,4.3,5.8,3.4,0.4%,50.0%,8.4%,70.0%,9.9%,15.1%,5.1%,6.8%,22.7%,1.3%,34.7%,-74,-74
5,Marton Fucsovics,36,23.3%,33.0%,52.0%,29.2%,29.8%,42.6%,55.5%,40.1%,34.5%,52.7%,50.0%,16.5%,22.9%,47.8%,25.2%,60.8%,72.8%,47,74.4%,47.2%,3.4%,45.3%,2.28,16.8%,71.5%,43.3%,2.6%,2.24,25.7%,87.3%,52.6%,5.2%,2.33,5.9%,4.6,4.7,4.6,49.8%,50.0%,49.8%,48.2%,51.7%,33.8%,7.8,4.5,-0.8,-0.7,2.3%,72.6%,9.5%,72.2%,11.4%,14.2%,10.3%,6.0%,16.0%,0.9%,33.6%,-52,-40
6,Fernando Gonzalez,29,27.4%,40.3%,51.5%,35.1%,35.8%,51.3%,55.0%,48.2%,47.7%,54.3%,52.5%,15.8%,25.7%,46.4%,37.8%,46.7%,44.6%,38,66.7%,45.5%,4.2%,43.9%,2.16,24.1%,64.4%,39.9%,3.1%,2.13,29.5%,79.9%,54.1%,6.7%,2.2,16.5%,3.7,3.7,3.7,48.8%,49.2%,48.6%,44.6%,54.2%,48.2%,12.5,9.2,1.5,2.5,1.6%,59.1%,10.2%,67.0%,19.2%,21.3%,16.2%,15.8%,34.2%,1.7%,26.2%,7,17
7,Dominic Thiem,177,26.8%,39.3%,53.3%,34.1%,34.2%,49.3%,57.0%,45.9%,48.8%,52.7%,56.5%,16.0%,24.9%,48.1%,30.9%,45.9%,54.3%,43,70.3%,48.3%,3.2%,48.7%,2.24,12.6%,65.6%,45.2%,2.4%,2.2,18.5%,86.0%,52.8%,4.9%,2.29,4.3%,4.3,4.1,4.5,49.8%,52.0%,49.6%,51.4%,53.0%,33.8%,9.0,6.1,0.6,0.7,2.0%,72.6%,9.4%,71.8%,14.3%,19.4%,10.8%,10.0%,31.3%,1.5%,35.2%,-19,-10
8,Nikolay Davydenko,31,21.6%,31.2%,52.9%,28.0%,26.9%,37.9%,55.3%,36.5%,40.1%,51.5%,57.9%,12.6%,20.0%,48.7%,33.1%,49.3%,48.1%,8,73.5%,49.2%,2.9%,50.0%,2.05,17.6%,68.4%,47.1%,2.4%,2.03,19.3%,87.2%,52.1%,3.9%,2.07,14.5%,4.8,5.0,4.6,48.1%,50.8%,54.6%,51.1%,49.8%,6.4%,8.1,5.4,3.2,2.2,0.4%,60.0%,8.9%,71.7%,13.1%,18.6%,7.5%,7.9%,18.1%,0.3%,38.2%,-24,-20
9,Matteo Berrettini,79,34.3%,47.2%,52.7%,41.7%,45.1%,60.8%,58.4%,56.7%,49.5%,48.0%,54.9%,17.2%,26.0%,45.7%,17.2%,36.5%,50.4%,15,68.0%,43.1%,2.5%,56.5%,2.19,19.2%,64.7%,40.6%,1.8%,2.14,32.3%,82.0%,47.0%,4.1%,2.25,3.4%,3.7,3.5,3.9,52.1%,47.2%,46.8%,48.7%,51.7%,39.2%,5.8,5.0,-2.8,-3.8,1.2%,65.3%,9.5%,72.0%,17.6%,24.8%,14.6%,5.9%,28.0%,2.4%,36.3%,25,38
10,John Mcenroe,41,31.7%,47.4%,50.3%,39.4%,42.7%,60.7%,52.9%,56.4%,39.5%,56.8%,53.4%,21.4%,37.2%,47.3%,26.4%,57.0%,59.4%,80,70.0%,47.1%,11.2%,43.2%,1.63,13.7%,70.8%,44.9%,10.0%,1.49,18.0%,83.1%,50.4%,15.6%,1.79,8.8%,3.2,2.7,3.7,51.0%,51.8%,42.5%,51.8%,43.0%,36.3%,2.6,3.2,0.4,0.6,75.8%,66.6%,46.7%,64.6%,12.5%,19.9%,14.0%,14.5%,20.9%,0.8%,38.2%,29,49
11,Gustavo Kuerten,41,27.7%,39.9%,51.9%,33.5%,41.5%,56.4%,57.0%,52.5%,40.2%,61.9%,67.3%,13.4%,23.4%,47.5%,25.6%,69.3%,75.7%,-9,71.8%,48.4%,3.3%,38.0%,2.16,23.0%,67.9%,45.9%,2.0%,2.11,37.3%,88.2%,51.1%,5.6%,2.2,11.1%,4.1,3.9,4.2,52.7%,51.1%,47.1%,51.5%,45.3%,11.9%,6.6,4.9,3.1,2.1,2.7%,67.0%,11.5%,70.7%,14.0%,20.5%,14.6%,10.3%,28.4%,1.5%,41.0%,0,4
12,Dustin Brown,21,33.3%,49.3%,52.3%,42.5%,40.1%,57.7%,54.7%,54.4%,43.1%,45.5%,37.5%,25.4%,40.8%,48.4%,26.9%,32.6%,38.6%,122,58.9%,53.6%,6.8%,43.5%,1.98,13.1%,58.1%,49.8%,6.2%,1.93,18.6%,71.7%,60.9%,9.4%,2.04,4.1%,2.8,2.8,2.9,50.9%,52.9%,48.9%,46.5%,53.0%,23.0%,2.2,4.8,3.3,7.3,52.0%,66.9%,33.6%,66.4%,18.0%,28.9%,13.3%,16.2%,33.6%,7.1%,25.1%,108,107
13,Cristian Garin,34,22.5%,32.3%,50.5%,28.6%,29.0%,40.2%,54.5%,39.0%,42.3%,55.5%,63.6%,13.9%,22.3%,44.8%,39.9%,33.9%,23.3%,20,68.4%,50.4%,4.3%,55.3%,2.25,10.5%,64.0%,48.3%,2.4%,2.24,16.2%,83.4%,53.2%,8.2%,2.27,2.6%,4.2,4.3,4.1,46.0%,53.0%,51.9%,53.5%,50.9%,8.8%,7.2,5.5,0.9,0.7,0.3%,77.8%,11.2%,68.8%,12.7%,18.4%,7.7%,8.8%,24.6%,1.6%,26.6%,-9,-14
14,Jo Wilfried Tsonga,90,31.4%,44.7%,52.0%,38.8%,42.7%,58.3%,57.1%,54.7%,45.1%,49.5%,45.0%,14.8%,25.3%,46.1%,15.0%,48.9%,56.1%,33,67.6%,44.6%,3.3%,41.0%,2.14,19.0%,65.7%,40.2%,2.4%,2.08,26.9%,77.3%,51.4%,5.2%,2.2,9.9%,3.7,3.5,3.9,50.3%,48.4%,48.4%,48.0%,52.6%,28.1%,8.0,7.0,-3.2,-4.1,6.3%,67.8%,14.2%,69.8%,18.0%,21.0%,15.9%,7.9%,20.3%,1.4%,21.2%,21,36
15,Felix Auger Aliassime,92,34.3%,44.8%,51.2%,40.8%,44.5%,57.7%,55.3%,54.8%,47.1%,46.4%,46.2%,18.9%,25.7%,45.5%,27.7%,35.3%,36.7%,59,66.7%,46.9%,2.9%,55.7%,2.22,16.9%,64.3%,43.5%,2.4%,2.21,25.4%,78.9%,52.3%,4.5%,2.24,4.9%,3.7,3.6,3.8,51.5%,47.7%,48.3%,47.5%,54.3%,14.9%,5.8,4.9,-1.8,-2.1,1.6%,78.2%,10.8%,69.1%,14.9%,20.8%,11.6%,6.2%,22.5%,0.8%,30.3%,7,34
16,Patrick Rafter,35,34.6%,50.3%,48.2%,42.4%,44.2%,63.0%,52.9%,57.3%,45.8%,46.9%,46.8%,26.8%,41.1%,41.5%,21.3%,48.6%,55.4%,102,60.7%,46.9%,13.4%,33.8%,1.55,17.0%,60.3%,43.1%,11.9%,1.48,21.7%,76.6%,51.9%,19.1%,1.63,10.3%,2.8,2.3,3.3,49.7%,49.7%,45.5%,51.9%,37.6%,65.7%,3.0,7.1,0.5,2.0,81.7%,65.0%,45.1%,63.7%,16.0%,23.3%,11.9%,15.8%,28.8%,0.9%,37.2%,32,59
17,Goran Ivanisevic,45,42.3%,54.1%,49.7%,47.5%,59.4%,72.3%,54.8%,68.8%,38.2%,54.6%,56.3%,26.3%,38.8%,45.6%,17.9%,51.1%,63.8%,121,56.3%,45.5%,5.7%,33.8%,1.68,28.4%,50.6%,40.4%,3.7%,1.56,46.5%,75.3%,51.3%,10.0%,1.78,14.3%,2.7,2.5,2.9,50.9%,44.7%,43.5%,50.0%,46.9%,27.9%,4.1,5.3,-0.6,-1.0,62.8%,67.9%,29.6%,67.1%,15.3%,26.4%,13.9%,11.5%,14.7%,1.0%,33.3%,58,110
18,Juan Carlos Ferrero,40,22.5%,32.3%,51.6%,28.4%,28.6%,40.5%,54.2%,38.2%,39.1%,59.8%,68.8%,14.2%,21.4%,47.8%,14.2%,72.9%,83.8%,24,70.2%,49.2%,3.1%,46.4%,2.17,19.0%,64.6%,45.4%,2.1%,2.16,24.6%,85.5%,53.6%,4.9%,2.18,10.8%,4.6,4.7,4.5,48.1%,50.8%,51.7%,48.9%,48.2%,4.4%,8.2,5.3,1.8,1.1,0.5%,76.5%,8.1%,71.6%,11.5%,12.7%,11.2%,6.7%,21.1%,1.2%,44.1%,-52,-42
19,Maxime Cressy,35,43.2%,59.4%,56.9%,51.5%,50.8%,69.1%,58.6%,64.4%,54.5%,61.6%,72.8%,42.5%,60.0%,53.8%,45.6%,55.2%,57.1%,233,56.5%,41.6%,7.6%,51.6%,1.58,19.4%,53.8%,38.3%,7.5%,1.54,23.0%,70.9%,46.8%,9.0%,1.65,12.9%,2.6,2.1,3.2,50.7%,49.7%,31.3%,44.0%,45.7%,38.7%,-2.0,-4.7,-1.5,-3.8,83.9%,71.1%,39.8%,68.6%,10.5%,18.9%,0.0%,13.7%,28.6%,0.8%,31.4%,62,121
20,Stefan Edberg,165,29.1%,46.4%,51.1%,38.3%,36.7%,57.0%,54.1%,51.9%,39.7%,54.0%,64.1%,22.1%,38.3%,46.4%,23.3%,45.3%,55.5%,96,65.8%,49.5%,12.4%,37.9%,1.58,13.2%,65.2%,45.6%,13.2%,1.51,14.7%,81.0%,54.7%,13.9%,1.69,10.8%,3.1,2.7,3.5,50.4%,53.9%,42.6%,51.5%,41.0%,49.3%,1.6,2.5,1.4,2.9,77.8%,66.8%,47.6%,65.6%,11.9%,14.5%,4.7%,14.6%,30.9%,0.4%,17.9%,46,53
21,Kyle Edmund,30,27.7%,39.8%,50.7%,33.9%,35.7%,50.6%,54.1%,46.2%,46.7%,48.4%,42.9%,17.8%,26.8%,46.4%,16.5%,52.1%,68.8%,42,64.1%,48.3%,3.4%,48.1%,2.33,12.8%,59.8%,44.2%,2.7%,2.29,21.7%,80.3%,53.6%,5.2%,2.37,1.8%,3.8,3.9,3.7,47.9%,48.6%,49.6%,55.6%,53.6%,12.3%,8.8,7.6,-0.0,-0.0,0.1%,33.3%,7.8%,69.8%,17.3%,23.2%,14.9%,9.1%,23.6%,0.4%,28.0%,18,18
22,Emil Ruusuvuori,22,24.5%,33.0%,51.3%,29.4%,31.4%,40.6%,54.4%,39.0%,35.0%,41.0%,39.0%,13.0%,21.2%,46.3%,5.4%,52.0%,57.1%,9,68.2%,50.7%,2.4%,55.0%,2.24,12.8%,63.6%,47.9%,1.9%,2.24,17.0%,84.1%,54.7%,3.6%,2.26,5.6%,4.5,4.7,4.2,46.9%,50.5%,57.0%,52.1%,52.5%,7.2%,3.3,2.3,0.5,0.4,1.0%,75.0%,7.3%,74.7%,10.5%,13.2%,6.5%,6.4%,19.2%,0.7%,37.0%,-28,-20
23,Novak Djokovic,467,26.1%,36.9%,55.9%,33.0%,32.4%,45.7%,58.7%,43.0%,47.2%,47.5%,45.7%,16.2%,22.9%,51.3%,41.0%,34.0%,35.2%,43,70.5%,52.1%,2.6%,58.2%,2.16,19.8%,66.0%,48.5%,2.0%,2.12,26.0%,86.1%,57.2%,3.9%,2.23,9.7%,4.8,4.7,4.8,51.9%,53.7%,53.8%,53.5%,49.0%,13.8%,11.4,7.2,3.7,2.5,1.9%,69.2%,10.9%,70.6%,12.2%,15.2%,11.2%,7.0%,16.5%,1.6%,28.1%,-49,-35
24,Francisco Cerundolo,28,19.3%,30.7%,52.5%,26.7%,22.6%,36.6%,55.9%,33.8%,48.6%,52.7%,58.0%,14.5%,21.7%,45.8%,20.1%,60.8%,73.7%,24,74.3%,50.5%,3.7%,56.1%,2.29,5.8%,71.3%,47.7%,3.0%,2.31,8.0%,86.3%,55.0%,5.3%,2.25,1.4%,4.6,4.6,4.5,47.8%,51.2%,53.6%,53.3%,51.2%,10.4%,9.2,6.4,0.7,0.5,0.4%,62.5%,7.4%,69.2%,15.2%,20.4%,18.4%,7.0%,28.1%,1.9%,50.3%,5,-3
25,Carlos Alcaraz,100,23.9%,37.3%,55.7%,32.0%,28.4%,44.1%,58.1%,40.8%,45.9%,49.8%,51.4%,16.8%,26.6%,51.4%,18.4%,57.5%,64.8%,50,71.4%,52.6%,3.8%,46.7%,2.18,7.6%,69.8%,49.0%,3.3%,2.16,10.8%,82.0%,58.0%,5.0%,2.22,1.9%,4.1,4.0,4.1,50.8%,54.4%,55.0%,55.8%,52.9%,14.4%,9.5,7.1,2.6,2.3,5.0%,78.2%,11.9%,72.8%,16.2%,21.2%,11.2%,9.1%,25.1%,3.4%,44.2%,12,14
26,Lorenzo Musetti,37,23.1%,33.7%,51.9%,30.0%,27.9%,40.6%,54.9%,38.4%,39.0%,55.8%,67.6%,15.6%,23.1%,46.6%,26.9%,52.6%,63.0%,40,71.7%,43.5%,3.7%,38.4%,2.21,11.9%,69.9%,40.0%,3.4%,2.21,15.3%,84.7%,49.6%,4.9%,2.21,6.0%,4.1,4.3,4.0,49.4%,46.8%,47.3%,47.7%,52.3%,31.1%,6.8,5.7,0.9,1.1,4.3%,65.6%,10.3%,67.2%,13.3%,16.6%,12.4%,10.0%,25.2%,3.1%,29.0%,-38,-34
27,Yevgeny Kafelnikov,49,24.7%,35.4%,51.1%,31.4%,34.4%,48.9%,55.6%,46.5%,55.7%,45.0%,45.2%,15.1%,22.0%,46.2%,25.3%,51.7%,58.1%,29,65.4%,49.7%,4.6%,49.8%,2.11,19.7%,60.0%,46.7%,3.8%,2.04,25.7%,82.8%,53.3%,6.5%,2.18,13.1%,4.0,4.1,3.9,47.8%,48.9%,52.3%,51.5%,45.0%,17.3%,5.5,4.3,1.6,1.2,9.5%,67.4%,15.6%,69.2%,12.4%,16.3%,8.1%,8.6%,23.6%,0.8%,31.4%,-8,1
28,Lorenzo Sonego,30,28.9%,41.5%,51.5%,36.5%,36.5%,50.8%,55.1%,47.9%,55.0%,46.5%,49.0%,14.8%,24.9%,45.8%,22.8%,50.3%,64.3%,11,70.2%,42.6%,3.8%,66.7%,2.23,16.1%,67.2%,40.5%,3.7%,2.17,23.1%,84.2%,45.9%,4.4%,2.31,5.2%,3.9,3.9,4.0,50.3%,48.9%,45.2%,44.7%,54.1%,20.2%,4.3,3.7,-4.2,-4.6,4.9%,70.5%,11.2%,71.6%,14.7%,21.6%,10.5%,5.4%,18.2%,3.3%,33.3%,-12,2
29,Jimmy Connors,41,16.5%,25.4%,51.0%,23.3%,19.3%,29.2%,51.6%,29.4%,25.3%,58.0%,65.6%,13.5%,22.1%,49.6%,21.9%,50.1%,55.8%,19,66.3%,52.8%,4.8%,41.1%,2.02,27.6%,60.6%,51.3%,5.5%,1.98,30.5%,86.9%,54.3%,4.7%,2.11,20.8%,4.5,4.8,4.1,46.0%,49.8%,56.9%,51.0%,52.8%,15.6%,4.4,2.5,4.2,3.0,15.8%,61.6%,25.2%,66.4%,8.2%,13.9%,5.1%,9.3%,14.5%,0.3%,23.4%,-1,-19
30,Fernando Verdasco,41,26.4%,37.7%,48.7%,33.2%,32.5%,45.2%,52.0%,42.9%,32.5%,59.6%,60.8%,16.9%,26.8%,42.8%,41.0%,42.8%,37.0%,47,69.5%,45.3%,4.1%,53.3%,2.18,12.3%,65.0%,40.6%,3.2%,2.17,17.1%,84.8%,52.2%,6.1%,2.19,3.7%,4.1,4.2,4.0,48.4%,48.0%,49.4%,43.3%,55.1%,16.2%,8.9,6.1,-1.3,-1.3,0.8%,72.0%,8.1%,66.4%,16.1%,22.4%,11.7%,8.1%,15.2%,1.1%,24.4%,11,19
31,Denis Shapovalov,88,30.5%,45.9%,54.2%,38.4%,39.8%,58.0%,58.4%,53.0%,35.5%,57.6%,57.1%,19.3%,32.5%,48.7%,26.3%,56.5%,63.9%,62,65.4%,48.1%,2.9%,35.6%,2.19,16.9%,63.1%,44.5%,2.5%,2.12,26.5%,77.2%,53.8%,4.1%,2.28,4.2%,3.6,3.4,3.8,49.0%,53.4%,48.1%,51.7%,56.7%,17.6%,7.0,5.4,-0.3,-0.3,4.6%,77.0%,12.4%,71.1%,17.3%,25.3%,13.1%,10.0%,17.3%,0.9%,34.5%,58,62
32,Grigor Dimitrov,117,27.8%,38.8%,53.2%,34.4%,35.6%,49.2%,57.0%,46.1%,50.5%,43.8%,43.0%,16.6%,24.3%,47.4%,13.7%,50.0%,56.4%,41,66.5%,48.3%,3.6%,48.1%,2.21,17.3%,62.1%,44.8%,2.1%,2.17,24.5%,82.5%,53.4%,7.0%,2.27,6.4%,4.2,4.1,4.2,48.8%,50.1%,51.0%,52.0%,53.0%,49.7%,10.7,7.7,-1.1,-1.7,0.9%,67.9%,9.4%,72.5%,14.3%,22.4%,9.2%,8.3%,27.1%,1.0%,27.5%,-25,-11
33,Mats Wilander,29,17.4%,25.6%,50.4%,23.4%,20.4%,30.3%,52.4%,29.2%,52.1%,46.1%,45.6%,13.7%,19.7%,45.7%,35.5%,36.0%,33.3%,-9,75.3%,49.5%,4.6%,64.0%,1.85,30.8%,73.4%,45.3%,4.5%,1.77,29.6%,91.8%,54.1%,5.5%,2.04,33.6%,6.0,6.3,5.6,52.4%,45.8%,54.2%,50.0%,39.8%,22.7%,7.7,4.0,6.1,2.7,22.8%,65.3%,23.9%,63.4%,6.6%,11.3%,2.8%,5.8%,16.4%,0.0%,50.0%,-123,-116
34,John Isner,92,45.7%,59.5%,48.6%,52.3%,54.6%,67.9%,51.1%,64.0%,50.1%,46.2%,56.5%,26.7%,43.0%,44.5%,23.2%,52.4%,69.1%,36,57.9%,40.1%,4.5%,48.0%,2.03,25.9%,54.4%,35.4%,4.2%,2.0,31.4%,71.7%,47.3%,5.4%,2.08,17.4%,2.9,2.5,3.3,52.3%,42.6%,35.9%,39.3%,55.6%,20.6%,0.6,0.6,-3.5,-5.6,16.8%,68.3%,15.0%,66.8%,18.6%,20.6%,15.9%,8.3%,24.1%,1.0%,30.0%,65,104
35,Mikael Ymer,22,19.9%,28.6%,52.2%,26.3%,23.2%,34.4%,54.8%,32.5%,45.1%,41.1%,36.9%,13.9%,17.7%,46.9%,29.0%,17.6%,8.7%,22,72.2%,51.3%,3.3%,70.0%,2.37,9.5%,67.4%,48.0%,3.3%,2.37,12.4%,87.3%,55.9%,3.7%,2.36,3.5%,5.2,5.4,4.9,48.1%,51.8%,52.5%,53.9%,46.6%,8.5%,2.2,1.5,8.5,4.9,1.0%,57.9%,9.6%,69.6%,8.9%,16.3%,6.2%,6.9%,22.9%,0.8%,35.4%,-77,-70
36,Ugo Humbert,20,30.6%,41.8%,55.7%,37.6%,39.7%,54.0%,60.7%,51.0%,41.7%,51.6%,38.7%,17.1%,24.0%,49.2%,4.7%,53.1%,65.6%,54,61.0%,50.5%,3.6%,33.3%,2.29,22.0%,55.1%,45.4%,2.2%,2.28,36.3%,79.6%,57.6%,6.7%,2.3,3.6%,3.7,3.9,3.5,48.6%,54.3%,57.7%,51.7%,50.9%,13.0%,10.5,8.5,5.1,4.7,0.7%,45.5%,8.2%,74.3%,16.5%,26.1%,8.6%,10.8%,23.2%,0.5%,44.4%,23,25
37,Marcos Baghdatis,25,28.6%,39.3%,50.3%,34.5%,40.2%,54.4%,56.8%,50.9%,54.6%,41.5%,43.3%,16.0%,22.9%,44.1%,25.8%,49.2%,61.1%,43,68.9%,47.5%,3.9%,38.8%,2.17,25.8%,64.8%,44.9%,2.5%,2.08,37.4%,84.1%,51.1%,7.0%,2.25,15.0%,4.2,4.1,4.3,50.9%,47.0%,48.5%,48.1%,47.1%,16.9%,5.1,4.3,1.5,1.3,2.7%,70.0%,9.6%,68.9%,12.7%,17.9%,12.6%,7.7%,20.7%,1.8%,40.5%,-34,-16
38,Andre Agassi,165,26.1%,36.9%,53.4%,32.2%,32.2%,44.3%,56.2%,42.0%,54.9%,57.5%,61.3%,18.5%,28.1%,49.3%,26.7%,66.5%,76.2%,34,62.3%,53.2%,4.9%,50.4%,2.11,31.6%,56.5%,49.5%,3.7%,2.08,35.5%,81.3%,57.2%,7.5%,2.14,25.5%,3.8,4.1,3.6,49.7%,52.5%,55.7%,52.7%,46.8%,9.3%,12.2,9.3,7.4,5.4,2.1%,66.7%,8.9%,70.6%,15.6%,19.8%,12.8%,10.4%,27.9%,0.6%,39.4%,-15,-10
39,Michael Chang,57,19.8%,27.5%,50.8%,24.5%,26.5%,36.1%,54.9%,35.0%,49.6%,55.4%,53.0%,12.8%,19.1%,45.9%,39.7%,52.0%,53.4%,8,68.9%,50.1%,3.3%,60.9%,2.21,21.2%,65.4%,46.0%,1.7%,2.18,27.9%,86.1%,54.6%,6.1%,2.25,13.1%,4.7,5.2,4.3,48.6%,48.0%,53.1%,50.7%,48.2%,7.8%,9.2,5.2,5.7,3.3,1.6%,51.8%,14.0%,65.3%,11.1%,16.7%,6.3%,6.8%,20.1%,0.1%,23.3%,-69,-65
40,Nicolas Almagro,20,24.0%,36.7%,51.6%,31.2%,32.7%,48.7%,59.2%,45.3%,38.4%,48.0%,53.7%,13.2%,22.3%,43.0%,18.0%,52.4%,53.8%,-10,70.3%,42.8%,4.3%,62.3%,2.19,13.4%,64.6%,37.7%,2.8%,2.18,22.9%,89.3%,49.8%,7.7%,2.19,2.7%,4.3,4.2,4.4,48.4%,46.3%,48.1%,50.0%,51.1%,10.0%,9.0,6.3,-0.6,-0.5,0.1%,100.0%,7.4%,71.4%,15.6%,20.8%,10.1%,8.4%,24.5%,1.2%,32.4%,0,-4
41,Roger Federer,630,32.4%,46.5%,55.5%,40.2%,41.4%,58.2%,60.3%,54.0%,48.2%,51.8%,46.5%,19.4%,29.9%,49.5%,29.1%,47.3%,49.8%,7,69.0%,50.7%,4.1%,51.4%,2.04,16.7%,65.3%,48.1%,3.1%,1.98,24.5%,83.2%,54.4%,6.2%,2.12,6.9%,3.8,3.6,4.1,53.3%,54.4%,49.9%,53.1%,48.8%,37.2%,9.8,8.0,0.1,0.1,10.7%,68.5%,15.2%,70.3%,17.4%,23.1%,15.1%,9.2%,23.7%,1.1%,39.5%,13,27
42,Tomas Berdych,95,30.1%,41.8%,51.2%,36.4%,42.2%,57.1%,57.1%,53.2%,49.9%,39.2%,36.4%,14.7%,22.8%,45.2%,19.2%,44.3%,49.0%,21,65.9%,45.5%,3.8%,52.3%,2.16,24.7%,61.1%,40.3%,2.3%,2.11,35.9%,82.2%,53.1%,7.1%,2.21,13.5%,3.9,4.0,3.9,50.1%,48.1%,46.6%,47.0%,52.3%,16.2%,7.0,5.6,-0.7,-0.7,0.6%,63.6%,9.8%,69.0%,15.4%,19.2%,13.1%,6.9%,16.8%,0.3%,30.6%,-4,6
43,Hyeon Chung,20,21.9%,31.4%,51.3%,27.4%,28.9%,41.4%,52.7%,37.9%,50.1%,36.5%,33.3%,12.4%,18.0%,49.2%,14.3%,43.2%,61.9%,3,66.7%,50.3%,2.9%,63.6%,2.41,13.8%,60.0%,47.7%,2.9%,2.4,19.7%,84.4%,53.0%,3.3%,2.43,5.1%,4.4,4.5,4.2,48.3%,48.4%,54.9%,46.3%,49.0%,8.9%,4.0,3.2,1.8,1.4,0.1%,100.0%,7.9%,67.9%,11.5%,20.2%,18.6%,5.8%,19.1%,0.4%,65.2%,-49,-40
44,Cameron Norrie,59,24.3%,34.7%,51.8%,30.7%,30.4%,43.0%,55.6%,40.3%,30.5%,61.7%,64.1%,14.6%,21.7%,45.4%,23.0%,52.3%,57.8%,26,68.2%,46.6%,2.9%,47.2%,2.21,19.3%,64.8%,42.2%,2.0%,2.18,27.9%,81.9%,53.2%,4.9%,2.25,5.0%,4.4,4.6,4.3,47.8%,47.6%,52.1%,51.5%,56.1%,8.4%,4.7,3.3,-0.1,-0.1,1.4%,57.4%,10.9%,68.0%,11.0%,18.3%,6.5%,6.4%,12.2%,0.7%,34.3%,-51,-41
45,Botic Van De Zandschulp,70,26.3%,37.9%,52.1%,33.1%,34.8%,49.0%,55.3%,45.8%,45.3%,34.7%,38.9%,14.5%,23.1%,47.5%,22.2%,14.7%,20.0%,20,69.4%,49.7%,3.2%,58.6%,2.22,16.2%,68.0%,46.5%,2.5%,2.2,24.7%,79.5%,54.9%,4.8%,2.25,3.9%,4.3,4.1,4.5,50.0%,50.3%,48.2%,50.5%,50.7%,22.2%,7.3,5.1,-2.6,-2.2,1.8%,66.3%,12.8%,69.8%,14.1%,19.3%,11.6%,5.5%,22.8%,1.9%,28.8%,-13,10
46,Andy Roddick,103,37.9%,48.3%,50.8%,43.4%,50.2%,61.2%,53.6%,58.8%,52.7%,39.2%,39.8%,18.5%,28.8%,47.5%,16.1%,57.6%,70.7%,34,65.8%,43.7%,3.1%,53.2%,1.99,31.1%,59.6%,40.2%,2.5%,1.95,36.5%,85.5%,48.0%,4.4%,2.05,24.7%,3.8,3.6,4.1,52.6%,47.1%,44.9%,45.3%,50.7%,21.9%,5.1,4.1,-1.1,-1.1,7.2%,63.3%,14.2%,61.1%,13.5%,19.0%,12.0%,6.6%,20.7%,0.3%,34.8%,-52,-6
47,Nicolas Jarry,38,30.7%,47.5%,54.4%,39.4%,38.9%,57.0%,58.1%,52.4%,45.9%,53.2%,44.7%,17.4%,33.2%,48.8%,20.8%,62.3%,64.4%,43,62.1%,50.3%,2.6%,46.8%,2.19,24.8%,59.5%,46.9%,1.8%,2.12,34.0%,76.0%,55.2%,4.4%,2.3,11.3%,3.3,3.3,3.3,50.5%,53.7%,51.1%,55.5%,54.7%,12.1%,7.4,7.2,-1.6,-2.0,4.8%,72.2%,11.4%,70.8%,22.3%,26.1%,25.3%,8.4%,30.2%,1.0%,43.8%,128,83
48,Sam Querrey,35,39.0%,50.5%,48.4%,44.9%,53.8%,67.2%,52.9%,63.6%,47.3%,46.9%,50.5%,20.0%,29.9%,43.8%,35.4%,47.1%,43.1%,78,61.7%,47.2%,3.6%,54.6%,2.16,27.7%,59.0%,43.1%,2.1%,2.06,44.1%,77.2%,53.4%,7.2%,2.25,11.2%,3.1,2.9,3.4,51.7%,46.9%,46.1%,47.5%,51.4%,12.1%,3.7,3.9,-0.1,-0.1,3.7%,69.5%,11.8%,63.4%,17.6%,25.7%,18.1%,11.0%,28.0%,1.2%,35.6%,45,73
49,Lleyton Hewitt,123,27.0%,35.8%,53.0%,32.0%,38.8%,50.8%,57.9%,48.4%,58.0%,45.9%,48.5%,16.1%,22.2%,48.5%,48.7%,61.5%,59.5%,43,67.7%,50.7%,3.9%,61.7%,2.22,25.4%,62.7%,48.0%,2.4%,2.15,33.3%,85.2%,54.1%,7.0%,2.28,18.1%,4.5,4.6,4.4,50.1%,52.0%,51.4%,51.1%,50.6%,14.3%,10.2,6.1,3.3,2.3,1.1%,70.2%,9.6%,69.9%,11.6%,16.7%,7.6%,6.6%,25.2%,0.2%,26.4%,-70,-50
50,Ernests Gulbis,28,34.4%,45.0%,51.4%,40.1%,45.1%,57.9%,55.0%,54.6%,43.8%,43.7%,50.0%,20.7%,29.1%,47.0%,23.4%,23.8%,23.1%,85,65.2%,47.7%,2.5%,47.2%,2.06,19.6%,63.2%,45.3%,1.9%,2.04,28.7%,76.8%,51.4%,3.8%,2.09,8.9%,3.8,3.6,4.0,51.1%,49.6%,47.3%,52.7%,43.2%,10.5%,-2.8,-3.1,1.4,1.1,1.3%,73.1%,8.1%,71.9%,10.0%,14.9%,8.9%,10.0%,23.3%,2.7%,36.2%,15,43
51,Albert Ramos,35,19.9%,29.6%,51.7%,25.9%,23.4%,35.9%,53.5%,32.8%,23.9%,53.9%,50.4%,15.0%,20.3%,48.5%,25.2%,43.8%,46.1%,34,71.0%,44.3%,2.8%,47.4%,2.24,12.1%,69.0%,40.2%,1.7%,2.23,17.2%,83.5%,50.9%,5.4%,2.25,3.5%,4.7,5.0,4.5,47.4%,48.0%,50.1%,46.2%,56.5%,15.8%,9.2,5.3,-4.0,-3.5,0.6%,75.0%,6.8%,67.6%,11.5%,18.9%,9.0%,4.2%,10.6%,0.9%,45.2%,-52,-51
52,Lucas Pouille,42,30.2%,41.5%,51.5%,36.8%,39.7%,54.1%,57.2%,51.4%,50.5%,42.7%,51.0%,19.6%,27.7%,45.3%,26.8%,39.4%,43.5%,59,65.3%,46.0%,4.1%,39.2%,2.21,17.0%,61.6%,40.5%,2.6%,2.16,25.1%,78.2%,53.9%,7.3%,2.25,8.3%,3.6,3.5,3.7,48.5%,48.2%,53.8%,48.2%,50.8%,22.6%,7.0,6.4,-1.0,-1.1,4.7%,67.1%,11.7%,68.5%,17.0%,20.9%,12.3%,9.4%,21.1%,2.0%,34.4%,25,35
53,Janko Tipsarevic,30,25.7%,35.4%,51.3%,31.4%,35.8%,48.6%,55.1%,45.8%,38.8%,36.0%,32.6%,14.4%,20.7%,47.2%,13.8%,45.3%,46.5%,29,66.4%,47.0%,3.1%,37.8%,2.23,23.8%,60.5%,42.9%,1.8%,2.19,31.6%,84.1%,51.8%,5.6%,2.27,15.8%,4.4,4.5,4.3,49.7%,46.7%,49.7%,49.3%,48.2%,11.8%,3.0,2.2,2.0,1.5,0.5%,75.0%,10.6%,68.0%,10.6%,14.0%,8.6%,7.3%,24.4%,0.4%,41.2%,-47,-34
54,Alexander Bublik,56,37.4%,48.8%,48.8%,43.2%,49.7%,62.8%,53.5%,59.4%,41.7%,43.9%,49.7%,24.6%,35.9%,42.9%,13.1%,25.4%,19.5%,96,66.7%,43.8%,4.1%,51.2%,2.11,18.9%,64.0%,39.6%,3.2%,2.06,28.6%,80.6%,50.2%,6.4%,2.16,7.1%,3.2,2.8,3.6,51.1%,46.0%,43.7%,42.1%,49.2%,21.0%,1.0,1.7,0.4,0.6,15.3%,59.0%,15.8%,60.4%,17.6%,21.6%,26.5%,11.3%,30.3%,6.1%,20.5%,39,85
55,Holger Rune,44,25.2%,39.5%,54.2%,33.0%,31.1%,47.0%,56.3%,43.7%,60.8%,52.4%,48.2%,17.7%,31.0%,51.0%,41.6%,51.5%,57.8%,52,66.3%,48.2%,3.6%,50.4%,2.29,11.2%,63.8%,44.7%,3.3%,2.25,16.6%,80.6%,53.6%,4.7%,2.34,2.6%,4.0,4.0,3.9,49.4%,51.9%,49.2%,50.5%,55.0%,16.2%,10.1,8.2,1.4,1.5,5.3%,62.3%,12.9%,69.1%,15.4%,18.6%,11.0%,9.2%,29.9%,3.3%,29.1%,-2,3
56,Reilly Opelka,54,46.1%,58.6%,48.6%,51.6%,57.2%,68.9%,50.6%,65.4%,50.3%,44.2%,44.3%,26.9%,42.2%,46.2%,33.3%,54.0%,81.1%,32,56.2%,42.0%,3.6%,42.7%,2.1,31.0%,52.6%,36.7%,2.6%,2.02,38.6%,71.3%,50.4%,6.0%,2.2,21.8%,2.9,2.7,3.1,51.7%,46.7%,40.7%,42.4%,54.5%,15.5%,0.2,0.2,-3.5,-5.4,10.4%,64.9%,11.7%,64.1%,16.9%,19.3%,18.7%,10.1%,23.2%,0.8%,39.7%,84,116
57,Taylor Fritz,71,32.3%,43.1%,53.2%,38.0%,45.2%,58.6%,58.9%,54.9%,53.2%,46.3%,42.5%,14.8%,22.4%,47.5%,15.2%,40.4%,50.4%,32,66.1%,47.1%,3.1%,61.3%,2.29,21.1%,62.0%,42.3%,2.0%,2.23,35.2%,81.6%,54.2%,5.4%,2.35,6.9%,4.1,4.1,4.0,50.8%,51.3%,50.0%,48.0%,50.7%,6.0%,7.4,5.6,2.0,1.5,0.7%,72.2%,7.3%,70.3%,13.7%,23.0%,19.7%,7.2%,24.3%,0.6%,38.5%,-35,-15
58,Pete Sampras,167,38.3%,52.3%,52.4%,45.1%,52.9%,69.0%,57.1%,65.0%,48.2%,41.0%,48.4%,23.1%,36.8%,48.0%,44.3%,36.7%,35.7%,95,63.2%,48.8%,7.9%,46.4%,1.76,18.3%,59.2%,46.0%,7.6%,1.55,22.4%,80.7%,51.9%,9.9%,1.96,14.4%,3.0,2.6,3.5,52.1%,53.7%,43.6%,52.9%,39.1%,33.9%,5.8,8.4,0.0,0.0,60.1%,69.8%,32.8%,68.9%,20.9%,27.8%,11.3%,10.0%,23.6%,0.2%,31.3%,48,81
59,Sebastian Korda,28,27.6%,39.5%,52.3%,34.9%,35.3%,50.5%,57.2%,47.0%,46.4%,56.4%,54.1%,15.9%,23.2%,45.3%,19.7%,50.5%,65.2%,41,65.7%,50.1%,4.5%,53.6%,2.28,10.3%,62.3%,46.4%,3.6%,2.25,15.9%,79.8%,55.3%,6.6%,2.34,2.4%,4.0,4.0,4.0,49.1%,53.2%,50.2%,52.9%,49.2%,16.4%,9.1,6.9,1.3,1.1,3.1%,76.1%,11.5%,71.6%,15.8%,20.9%,10.2%,8.7%,20.2%,1.0%,31.7%,23,22
60,Tommy Robredo,26,22.5%,29.2%,50.6%,28.0%,25.7%,34.0%,55.0%,34.2%,46.8%,51.4%,54.7%,17.7%,21.9%,42.2%,18.4%,32.8%,38.5%,42,70.8%,45.2%,3.3%,46.8%,2.18,11.2%,65.4%,41.4%,2.1%,2.15,13.8%,86.0%,50.1%,5.6%,2.24,6.4%,4.6,5.0,4.3,47.5%,46.8%,54.2%,47.3%,58.1%,24.7%,9.1,5.9,-1.8,-2.1,0.4%,100.0%,7.5%,73.0%,10.9%,14.4%,6.7%,5.8%,22.2%,0.5%,20.0%,-64,-59
61,Kevin Anderson,46,38.5%,50.8%,50.7%,44.9%,49.4%,62.6%,55.5%,59.2%,45.6%,38.5%,44.8%,20.4%,32.0%,44.6%,25.2%,42.4%,62.7%,50,61.7%,45.6%,3.0%,56.0%,2.15,26.6%,56.3%,41.3%,2.3%,2.12,37.0%,77.8%,51.8%,4.7%,2.18,13.7%,3.5,3.4,3.5,51.5%,48.2%,42.8%,44.0%,53.0%,16.7%,5.7,4.8,-0.8,-0.9,5.2%,66.5%,11.9%,66.8%,15.9%,22.9%,13.7%,7.9%,22.1%,0.6%,34.4%,19,43
62,Bjorn Borg,32,19.9%,28.9%,55.5%,25.2%,27.4%,37.2%,57.7%,36.8%,63.4%,33.4%,27.0%,12.2%,21.8%,52.6%,44.3%,19.4%,13.4%,8,74.2%,52.8%,4.0%,43.7%,2.09,36.2%,77.2%,48.7%,3.6%,2.01,39.9%,88.4%,59.1%,5.7%,2.19,31.5%,5.0,5.3,4.7,54.6%,52.9%,51.5%,55.8%,45.6%,12.0%,12.5,6.7,12.4,6.3,21.0%,69.1%,22.6%,67.5%,9.4%,17.3%,7.9%,7.8%,19.3%,0.0%,25.0%,-87,-78
63,Marat Safin,44,31.2%,40.8%,51.7%,36.0%,46.7%,57.5%,55.4%,55.6%,39.8%,46.1%,51.3%,13.4%,22.1%,48.8%,14.2%,53.7%,59.5%,-4,66.2%,50.1%,3.0%,49.3%,2.14,25.7%,60.1%,45.9%,2.3%,2.06,36.1%,82.4%,54.5%,4.5%,2.21,17.6%,4.1,4.2,4.1,52.1%,49.7%,49.8%,50.3%,45.3%,9.6%,5.0,3.5,5.2,3.2,4.2%,66.1%,14.2%,66.6%,11.4%,18.6%,11.3%,9.5%,24.5%,0.8%,23.8%,-14,2
64,Borna Coric,65,27.6%,37.2%,52.0%,33.5%,35.3%,47.9%,55.5%,44.6%,45.2%,45.3%,42.8%,15.9%,20.7%,47.0%,23.7%,58.6%,66.7%,22,64.8%,48.8%,2.7%,56.6%,2.29,18.6%,60.2%,45.5%,2.5%,2.23,26.6%,79.6%,53.1%,3.4%,2.37,7.6%,4.2,4.5,3.9,48.9%,49.7%,51.3%,51.1%,51.5%,12.5%,3.2,2.6,-1.2,-1.1,3.6%,76.0%,10.8%,68.4%,10.1%,13.6%,10.1%,7.2%,25.9%,0.8%,32.1%,-22,-11
65,Alejandro Davidovich Fokina,39,21.1%,31.6%,48.2%,27.6%,24.5%,37.3%,50.7%,34.1%,45.4%,36.8%,32.2%,15.7%,22.0%,42.8%,24.6%,19.0%,19.8%,39,70.3%,49.1%,4.7%,62.8%,2.24,6.7%,68.1%,45.3%,4.4%,2.25,8.3%,83.8%,54.5%,5.9%,2.23,3.3%,4.2,4.2,4.2,46.9%,48.1%,52.3%,52.9%,48.9%,13.3%,2.5,1.8,1.1,0.8,1.9%,70.3%,8.8%,67.0%,12.8%,16.0%,17.3%,9.4%,25.5%,3.2%,31.5%,12,3
66,Yoshihito Nishioka,39,18.3%,25.3%,51.8%,23.2%,20.5%,28.4%,52.1%,28.1%,16.1%,54.6%,58.6%,15.3%,21.0%,51.3%,10.8%,55.5%,66.3%,22,66.3%,46.9%,3.3%,48.0%,2.3,11.9%,60.5%,41.3%,2.0%,2.31,16.8%,85.4%,54.1%,6.0%,2.28,2.5%,4.6,5.4,3.8,45.8%,47.6%,54.5%,51.2%,52.3%,9.9%,5.1,3.5,4.5,3.6,0.5%,73.3%,8.0%,65.9%,8.0%,14.9%,5.6%,8.2%,15.3%,0.6%,30.6%,-84,-88
67,Sergi Bruguera,26,19.0%,26.7%,52.0%,23.8%,24.0%,32.5%,56.1%,32.0%,47.7%,60.3%,64.4%,12.4%,19.5%,45.9%,20.3%,60.0%,73.2%,5,73.2%,48.0%,4.3%,47.5%,2.13,29.3%,70.1%,44.5%,2.4%,2.15,33.1%,88.1%,52.8%,8.1%,2.09,23.7%,5.2,5.6,4.8,49.2%,47.3%,52.3%,51.6%,47.0%,12.6%,10.0,6.0,3.5,1.9,1.3%,56.7%,10.6%,70.0%,9.3%,12.3%,7.1%,6.8%,22.2%,0.9%,31.5%,-88,-80
68,Gael Monfils,103,29.1%,39.4%,50.9%,35.0%,37.7%,50.1%,54.6%,47.1%,47.3%,43.6%,38.1%,17.4%,25.3%,45.4%,44.4%,33.5%,23.8%,48,72.5%,47.3%,3.4%,56.0%,2.17,18.7%,70.3%,44.0%,2.6%,2.12,24.9%,84.9%,52.1%,5.2%,2.24,9.6%,4.5,4.2,4.7,51.6%,49.2%,46.9%,49.6%,49.7%,11.1%,6.3,4.5,0.6,0.4,4.7%,62.3%,8.7%,68.1%,12.2%,18.4%,9.4%,6.4%,23.8%,1.1%,23.6%,-57,-27
69,Thomas Muster,33,18.8%,26.7%,54.8%,24.3%,22.4%,31.2%,55.7%,30.8%,22.8%,68.1%,71.1%,13.7%,20.7%,53.1%,17.1%,61.2%,61.7%,21,72.2%,47.8%,2.5%,40.5%,2.12,22.5%,67.9%,43.4%,1.4%,2.12,29.1%,89.3%,53.4%,4.5%,2.12,10.0%,5.1,5.6,4.6,49.2%,51.4%,55.1%,49.9%,61.8%,15.7%,14.2,6.3,2.4,2.0,1.8%,62.3%,11.2%,69.6%,9.0%,13.9%,6.7%,8.9%,10.1%,0.4%,22.4%,-77,-70
70,John Millman,25,24.7%,31.4%,53.3%,28.8%,29.4%,37.7%,56.2%,36.0%,50.4%,50.8%,55.7%,17.4%,21.7%,48.8%,27.5%,41.5%,44.9%,-7,68.3%,48.2%,3.7%,55.6%,2.36,15.5%,62.9%,43.9%,2.2%,2.34,20.1%,84.4%,53.8%,6.6%,2.4,8.5%,4.9,5.6,4.3,49.2%,51.6%,56.5%,48.2%,46.0%,4.3%,5.8,3.4,5.5,2.9,0.1%,33.3%,6.3%,65.7%,9.4%,16.6%,7.4%,6.9%,30.8%,0.1%,25.0%,-78,-67
71,Miomir Kecmanovic,38,23.9%,33.2%,53.6%,29.9%,29.4%,41.6%,56.4%,39.2%,40.8%,42.3%,41.0%,16.0%,21.2%,49.6%,13.0%,50.2%,49.4%,14,66.6%,46.1%,3.7%,48.6%,2.27,10.3%,61.7%,41.6%,2.3%,2.25,16.2%,85.1%,52.4%,6.9%,2.29,1.9%,4.6,4.9,4.3,49.7%,47.7%,51.2%,49.9%,51.3%,14.2%,10.0,7.2,2.7,2.3,0.1%,100.0%,7.2%,65.0%,12.3%,19.5%,11.6%,6.9%,26.2%,0.7%,35.9%,-77,-71
72,Adrian Mannarino,49,26.6%,34.6%,50.9%,31.7%,33.6%,43.9%,53.3%,41.9%,36.6%,61.9%,54.5%,16.5%,20.9%,47.6%,5.3%,55.9%,69.9%,35,65.5%,48.1%,3.7%,39.2%,2.3,21.0%,59.9%,44.7%,2.0%,2.29,30.3%,82.7%,52.6%,7.2%,2.32,7.9%,4.5,4.8,4.2,48.1%,48.2%,50.7%,51.3%,53.9%,8.9%,1.7,1.2,2.0,1.6,1.7%,71.0%,9.2%,66.1%,7.1%,14.9%,3.0%,7.4%,12.0%,0.8%,30.4%,-63,-49
73,Martin Klizan,22,25.7%,37.2%,52.4%,31.9%,34.2%,47.6%,56.3%,44.4%,26.8%,46.7%,45.3%,13.8%,23.5%,47.1%,26.6%,42.0%,41.5%,18,67.1%,52.0%,3.5%,40.0%,2.29,14.7%,63.2%,51.0%,3.2%,2.26,22.9%,81.0%,53.3%,4.3%,2.33,3.7%,4.0,4.0,3.9,48.7%,54.2%,55.4%,47.4%,52.0%,9.4%,5.8,5.6,-0.5,-0.5,4.9%,56.7%,8.6%,60.0%,13.5%,20.5%,4.3%,8.3%,13.8%,2.7%,45.7%,13,19
74,Leonardo Mayer,20,30.1%,43.5%,52.1%,37.5%,38.0%,53.8%,53.5%,49.8%,56.1%,51.3%,54.4%,19.3%,29.8%,50.0%,40.4%,42.2%,41.9%,70,68.7%,43.6%,3.4%,58.2%,2.25,13.3%,65.6%,40.1%,3.0%,2.23,17.7%,82.4%,49.4%,4.4%,2.28,6.9%,3.7,3.6,3.9,50.0%,48.7%,46.4%,45.3%,56.0%,16.3%,4.8,3.6,-1.9,-2.1,4.2%,61.2%,12.2%,66.6%,16.1%,20.6%,12.4%,8.7%,28.1%,0.9%,33.3%,34,45
75,Malek Jaziri,21,24.8%,33.5%,45.7%,30.5%,34.4%,46.0%,50.7%,45.0%,53.3%,52.5%,70.8%,14.5%,20.2%,40.9%,19.7%,46.6%,56.2%,24,65.1%,48.1%,5.0%,61.0%,2.23,9.6%,59.0%,43.6%,2.3%,2.26,15.9%,83.6%,53.9%,10.6%,2.2,3.8%,4.2,4.3,4.0,46.2%,47.6%,51.1%,44.0%,46.7%,53.8%,4.5,4.0,0.4,0.6,1.6%,48.0%,9.8%,72.5%,13.5%,16.8%,10.9%,9.6%,32.3%,1.5%,21.8%,-16,-18
76,Milos Raonic,87,40.0%,54.4%,51.7%,47.4%,52.1%,68.2%,57.4%,63.8%,52.8%,51.0%,45.5%,21.7%,34.5%,44.9%,28.3%,54.9%,71.9%,74,63.4%,44.3%,4.0%,44.3%,2.07,28.0%,59.8%,40.0%,3.4%,1.94,37.8%,77.6%,51.3%,5.7%,2.22,16.6%,3.2,2.8,3.5,51.6%,49.0%,40.8%,48.6%,57.6%,32.6%,5.5,5.0,-2.6,-4.5,16.2%,68.4%,17.8%,67.3%,18.2%,21.1%,15.3%,9.7%,21.7%,0.3%,14.8%,56,80
77,Alex Corretja,30,19.7%,28.7%,52.8%,24.9%,26.3%,38.8%,58.2%,36.0%,43.7%,57.9%,62.6%,13.0%,18.2%,47.1%,19.6%,59.8%,61.7%,16,73.4%,48.6%,3.6%,57.1%,2.21,19.9%,69.7%,45.2%,2.9%,2.18,30.7%,87.4%,53.0%,5.1%,2.24,8.5%,4.9,5.4,4.3,48.4%,51.6%,54.1%,49.0%,49.5%,25.8%,9.1,5.3,3.1,2.3,6.4%,69.6%,12.7%,71.4%,9.5%,10.7%,6.3%,8.3%,22.1%,0.6%,45.6%,-66,-61
78,Joao Sousa,29,25.3%,34.4%,50.2%,31.3%,32.0%,43.7%,55.2%,41.7%,50.7%,52.4%,64.7%,15.8%,21.1%,43.4%,27.0%,22.6%,18.6%,26,66.6%,49.2%,4.7%,58.0%,2.4,9.2%,62.1%,47.6%,3.5%,2.4,14.9%,81.8%,51.2%,7.3%,2.39,1.3%,4.2,4.4,4.0,49.4%,49.8%,50.5%,47.6%,63.5%,20.1%,10.8,6.7,-3.8,-5.2,0.2%,60.0%,8.6%,73.1%,12.5%,16.3%,7.5%,3.8%,13.4%,0.4%,41.9%,-40,-31
79,Kei Nishikori,108,23.8%,34.3%,52.2%,30.5%,29.3%,42.8%,56.8%,40.3%,46.4%,42.8%,37.6%,16.6%,23.0%,45.7%,17.0%,48.8%,53.2%,41,65.2%,52.0%,4.4%,49.7%,2.34,15.4%,60.7%,46.7%,3.1%,2.29,20.9%,80.1%,59.1%,7.1%,2.4,7.4%,4.1,4.3,3.8,47.2%,52.0%,56.0%,53.5%,49.6%,14.8%,6.1,5.1,4.0,3.6,2.7%,62.6%,8.8%,71.1%,13.1%,18.5%,11.5%,9.3%,27.1%,1.2%,50.9%,-2,-6
80,Pierre Hugues Herbert,20,34.7%,50.0%,50.3%,42.2%,43.7%,61.5%,53.1%,56.2%,50.3%,52.0%,49.1%,24.9%,37.9%,46.8%,22.2%,43.1%,60.0%,105,58.4%,48.0%,7.5%,37.6%,2.1,14.9%,54.3%,45.9%,6.7%,1.9,19.6%,73.1%,51.1%,10.1%,2.31,9.1%,3.2,3.1,3.4,47.7%,50.4%,40.5%,57.4%,51.1%,28.4%,2.8,3.0,-1.3,-1.8,25.9%,67.1%,21.9%,69.4%,16.9%,24.2%,7.4%,8.8%,22.2%,1.8%,33.8%,47,59
81,David Ferrer,113,19.6%,27.4%,51.1%,25.1%,23.7%,34.2%,54.4%,32.6%,45.1%,35.7%,36.2%,14.4%,18.2%,45.9%,23.4%,33.7%,35.3%,26,70.8%,49.2%,2.5%,46.5%,2.3,14.0%,66.5%,44.7%,1.8%,2.25,18.5%,85.4%,55.4%,4.0%,2.36,7.0%,5.0,5.3,4.7,47.0%,49.8%,51.5%,49.6%,55.7%,8.9%,7.3,4.1,-0.5,-0.4,0.3%,73.1%,9.2%,71.0%,9.5%,11.6%,6.5%,4.7%,18.9%,0.7%,36.3%,-68,-62
82,Sergiy Stakhovsky,20,32.5%,45.9%,49.3%,39.4%,43.6%,60.0%,51.4%,54.9%,46.1%,47.6%,42.2%,16.9%,26.3%,46.8%,14.2%,35.5%,37.2%,50,63.8%,45.2%,7.5%,49.1%,2.05,17.3%,58.9%,41.0%,7.2%,1.86,23.9%,82.2%,51.1%,9.2%,2.23,9.6%,3.5,3.3,3.6,49.7%,45.7%,48.5%,50.3%,43.5%,46.3%,-2.9,-4.0,0.6,1.0,36.3%,66.5%,24.5%,67.6%,8.4%,11.2%,4.0%,12.1%,24.5%,3.1%,32.5%,-12,15
83,Andreas Seppi,29,24.6%,34.3%,50.2%,30.0%,33.8%,46.7%,52.6%,43.0%,51.6%,47.0%,50.5%,12.7%,18.3%,47.5%,15.5%,49.1%,56.5%,11,64.2%,45.7%,3.4%,53.1%,2.24,14.9%,57.6%,42.1%,1.9%,2.17,20.3%,85.7%,50.2%,6.6%,2.33,8.6%,4.4,4.7,4.0,46.9%,47.9%,51.6%,46.0%,50.8%,19.2%,5.2,3.6,-2.6,-2.2,0.7%,52.9%,6.1%,65.8%,11.1%,17.9%,7.7%,6.0%,23.5%,1.1%,44.7%,-33,-27
84,Brandon Nakashima,26,30.6%,41.6%,52.6%,37.9%,39.2%,53.3%,58.9%,50.8%,51.2%,53.7%,46.3%,16.8%,23.1%,43.9%,29.9%,67.2%,71.8%,30,66.5%,46.8%,3.5%,48.7%,2.25,13.5%,61.4%,43.5%,2.6%,2.22,20.8%,82.8%,51.3%,5.6%,2.29,3.5%,4.3,4.3,4.3,50.4%,51.5%,47.3%,48.2%,52.8%,19.7%,7.2,5.0,1.1,1.0,3.3%,63.6%,11.6%,71.3%,13.1%,16.6%,9.4%,7.8%,28.0%,0.7%,46.2%,-31,-15
85,Mikhail Kukushkin,22,23.3%,31.8%,49.6%,28.6%,27.5%,37.3%,52.0%,35.9%,45.8%,48.9%,56.0%,17.2%,23.7%,46.0%,14.4%,49.6%,65.0%,-21,65.3%,47.6%,5.2%,46.0%,2.37,14.7%,58.7%,45.6%,3.2%,2.37,20.7%,83.7%,50.2%,9.5%,2.38,5.6%,4.5,5.0,4.0,46.1%,47.1%,52.5%,52.4%,49.5%,14.2%,6.0,4.3,0.8,0.6,0.5%,62.5%,8.7%,66.1%,12.5%,16.6%,9.6%,5.6%,15.6%,1.2%,35.1%,-41,-40
86,Richard Gasquet,84,22.9%,34.4%,51.2%,29.7%,28.7%,43.0%,55.3%,39.8%,57.1%,46.9%,48.3%,15.3%,23.1%,45.4%,10.3%,53.3%,62.2%,37,70.3%,44.7%,4.1%,43.3%,2.2,14.7%,64.3%,41.3%,2.9%,2.16,19.7%,87.0%,49.0%,6.7%,2.26,7.6%,4.4,4.5,4.2,48.1%,47.9%,47.8%,45.6%,44.8%,23.0%,2.6,2.5,2.0,1.8,4.7%,71.6%,12.3%,68.4%,10.0%,13.2%,6.1%,9.3%,27.8%,1.5%,40.2%,-61,-52
87,Feliciano Lopez,64,36.3%,48.5%,49.3%,42.7%,50.1%,65.7%,53.6%,61.3%,35.1%,47.7%,48.3%,19.7%,28.4%,45.1%,16.0%,33.9%,46.7%,76,61.3%,41.6%,5.5%,37.0%,1.98,20.4%,57.4%,38.7%,6.2%,1.85,31.0%,76.1%,45.9%,4.9%,2.09,10.5%,3.6,3.2,3.9,49.3%,45.0%,43.3%,44.4%,52.6%,72.1%,-3.5,-3.2,-1.9,-6.8,30.4%,69.2%,22.7%,68.0%,9.5%,18.0%,5.2%,8.1%,15.7%,1.3%,18.5%,-2,36
88,James Blake,25,25.1%,36.4%,49.0%,31.3%,34.7%,49.5%,52.2%,45.8%,42.2%,47.8%,41.2%,14.8%,22.6%,45.7%,18.4%,65.7%,84.1%,31,64.8%,49.9%,4.9%,59.8%,2.07,22.4%,61.3%,45.8%,3.0%,2.02,29.8%,79.1%,56.1%,9.2%,2.13,14.7%,3.8,3.8,3.7,47.7%,48.3%,51.8%,46.8%,50.0%,23.8%,8.0,6.2,1.2,1.2,5.2%,64.0%,13.2%,66.9%,16.4%,19.9%,12.5%,8.4%,22.7%,0.8%,23.1%,10,13
89,Jeremy Chardy,27,32.1%,44.1%,47.7%,38.4%,41.5%,54.8%,51.6%,51.4%,42.8%,44.8%,54.9%,19.2%,30.8%,41.7%,22.7%,43.0%,54.4%,59,63.1%,45.1%,4.2%,58.6%,2.17,17.5%,59.5%,40.7%,3.5%,2.15,22.8%,75.6%,51.3%,5.9%,2.19,9.6%,3.4,3.3,3.6,47.8%,46.9%,44.7%,43.9%,59.7%,33.8%,4.1,3.4,-3.7,-6.7,1.6%,61.3%,9.6%,67.8%,16.5%,20.8%,12.4%,6.0%,18.9%,0.6%,30.6%,43,68
90,Pablo Carreno Busta,60,23.1%,33.8%,52.6%,30.0%,27.6%,40.8%,54.9%,37.9%,50.6%,44.2%,49.3%,14.8%,20.8%,48.6%,16.1%,51.4%,62.3%,1,67.2%,48.0%,3.7%,51.0%,2.34,13.1%,62.5%,42.1%,2.8%,2.3,17.8%,83.4%,55.9%,5.7%,2.4,4.6%,4.4,4.7,4.1,49.3%,47.6%,53.5%,50.0%,51.1%,10.1%,9.9,6.8,2.0,1.4,1.9%,64.9%,8.9%,69.3%,13.1%,22.4%,10.2%,7.0%,24.8%,1.5%,41.4%,-44,-41
91,Steve Johnson,29,30.4%,43.4%,50.0%,37.4%,39.0%,54.9%,55.5%,50.9%,54.1%,50.9%,57.5%,20.0%,29.6%,43.2%,15.6%,60.6%,73.2%,59,63.0%,42.8%,4.6%,58.7%,2.29,19.2%,57.9%,38.5%,3.3%,2.26,27.3%,80.5%,48.7%,7.7%,2.33,9.6%,3.5,3.4,3.6,48.3%,46.7%,44.2%,44.6%,54.9%,74.3%,6.5,6.3,-0.2,-0.9,3.8%,80.2%,10.4%,69.9%,19.6%,28.0%,19.7%,14.5%,29.5%,1.5%,28.4%,22,26
92,Damir Dzumhur,23,19.9%,28.5%,49.4%,26.2%,23.0%,33.4%,52.3%,32.8%,50.4%,62.7%,61.6%,16.5%,22.6%,44.4%,12.8%,75.8%,75.0%,45,73.2%,47.6%,3.7%,42.2%,2.34,11.5%,69.4%,45.8%,3.1%,2.34,14.6%,87.1%,50.1%,5.2%,2.35,6.0%,4.8,4.7,4.9,46.4%,49.8%,49.3%,49.2%,43.1%,25.3%,0.7,0.7,0.0,0.0,3.4%,60.3%,13.1%,67.4%,9.2%,14.2%,8.3%,7.1%,24.3%,3.5%,30.7%,-48,-43
93,Gilles Muller,22,36.9%,53.7%,53.8%,45.4%,49.1%,68.8%,60.8%,62.8%,43.5%,45.8%,38.6%,19.3%,33.3%,45.6%,22.9%,33.3%,23.1%,68,62.5%,40.8%,5.2%,44.1%,2.03,24.3%,59.3%,38.7%,5.4%,1.85,31.8%,73.9%,44.2%,5.3%,2.22,15.6%,3.2,2.9,3.5,50.1%,46.0%,43.2%,51.4%,52.6%,41.1%,0.9,1.0,-2.2,-4.6,34.2%,73.7%,24.8%,71.8%,16.0%,21.5%,7.1%,9.4%,17.9%,1.4%,28.1%,54,74
94,Andy Murray,277,27.0%,35.9%,51.9%,32.6%,36.9%,48.2%,56.2%,46.4%,54.5%,40.4%,42.7%,14.0%,19.9%,46.9%,18.3%,43.3%,43.5%,24,73.5%,48.1%,3.5%,58.3%,2.19,18.0%,70.9%,43.5%,2.1%,2.17,26.4%,85.6%,55.0%,6.3%,2.22,8.3%,4.7,4.7,4.8,51.7%,50.4%,49.3%,49.5%,49.1%,24.1%,7.0,4.6,2.6,2.0,2.0%,67.8%,10.4%,70.1%,10.5%,13.6%,7.7%,7.4%,20.5%,1.4%,28.8%,-65,-46
95,Mischa Zverev,23,26.7%,39.6%,47.3%,34.0%,35.1%,49.1%,49.1%,46.9%,35.4%,50.8%,48.3%,13.8%,25.9%,44.9%,24.3%,19.5%,15.6%,15,69.8%,48.2%,9.3%,33.1%,2.0,10.6%,66.8%,46.1%,8.0%,1.87,17.3%,82.3%,51.2%,12.7%,2.16,1.8%,4.2,3.8,4.5,48.6%,47.0%,47.2%,52.6%,49.4%,40.9%,0.7,0.7,1.6,2.7,54.3%,59.4%,34.4%,61.0%,6.5%,10.4%,3.1%,9.1%,17.1%,0.4%,38.1%,-57,-39
96,Tommy Paul,39,25.8%,37.8%,53.2%,33.2%,32.5%,48.0%,57.3%,44.7%,49.0%,47.0%,43.1%,16.8%,23.8%,47.6%,28.2%,50.6%,64.6%,38,67.0%,46.9%,4.3%,52.0%,2.36,14.2%,62.2%,41.6%,2.8%,2.3,21.4%,83.5%,53.9%,7.4%,2.43,4.5%,4.1,4.1,4.1,49.0%,48.4%,52.7%,53.2%,52.4%,11.3%,7.5,5.4,2.0,1.6,4.4%,66.0%,11.2%,69.9%,14.3%,17.8%,9.4%,7.2%,23.8%,0.6%,21.6%,-14,-12
97,Karen Khachanov,75,30.1%,40.9%,52.5%,36.4%,38.4%,51.9%,55.7%,48.4%,52.8%,48.9%,44.3%,16.6%,23.3%,47.9%,18.1%,33.9%,29.3%,43,68.2%,47.1%,2.1%,63.2%,2.27,18.3%,63.7%,42.0%,1.8%,2.2,27.5%,83.9%,54.4%,2.9%,2.36,5.2%,4.2,4.2,4.1,51.6%,47.5%,49.1%,51.2%,50.3%,10.6%,6.0,4.7,0.8,0.7,0.6%,42.4%,8.9%,66.1%,12.7%,18.2%,9.2%,7.6%,26.7%,0.8%,31.3%,-39,-20
98,Carlos Moya,37,22.5%,32.2%,53.4%,28.7%,30.1%,41.6%,55.4%,40.6%,44.1%,54.3%,62.4%,13.1%,21.0%,50.9%,30.2%,65.2%,69.1%,16,69.9%,46.1%,2.5%,41.4%,2.11,25.4%,67.0%,40.9%,1.7%,2.08,32.4%,83.5%,52.7%,4.2%,2.13,16.7%,4.4,4.5,4.3,48.2%,50.5%,52.0%,48.1%,59.9%,21.9%,11.1,6.1,-2.2,-2.3,4.4%,62.9%,14.5%,67.9%,12.3%,18.0%,7.1%,7.5%,18.3%,1.1%,39.5%,-34,-28
99,Guido Pella,29,23.0%,31.3%,53.5%,28.8%,28.0%,37.9%,56.6%,36.7%,28.1%,55.3%,69.5%,13.7%,19.2%,47.1%,28.9%,45.2%,48.6%,19,72.5%,48.0%,2.0%,62.5%,2.3,13.9%,68.7%,44.6%,1.0%,2.29,18.9%,89.0%,52.9%,3.9%,2.33,3.7%,4.8,5.0,4.5,50.0%,53.1%,51.6%,47.3%,55.2%,17.4%,8.4,4.8,0.5,0.4,0.4%,70.0%,9.6%,70.5%,9.9%,14.9%,5.2%,5.8%,11.8%,1.3%,36.9%,-65,-55
100,Jannik Sinner,116,27.6%,37.7%,53.9%,33.4%,35.4%,48.8%,57.1%,45.3%,45.6%,53.6%,54.3%,17.3%,23.2%,49.9%,17.6%,31.0%,37.2%,30,71.0%,50.8%,2.8%,59.1%,2.21,13.2%,67.8%,47.0%,2.0%,2.2,21.2%,85.1%,56.3%,4.5%,2.22,3.3%,4.3,4.4,4.2,52.9%,51.1%,50.7%,53.5%,50.5%,5.8%,7.6,5.4,1.5,1.1,1.2%,69.6%,10.2%,71.3%,13.4%,20.2%,16.4%,6.5%,26.0%,1.0%,40.7%,-20,-10
101,Casper Ruud,116,27.3%,39.0%,56.0%,34.4%,33.2%,47.4%,58.8%,44.1%,47.3%,48.9%,50.7%,18.0%,25.6%,51.4%,28.8%,51.9%,48.2%,34,71.4%,47.3%,3.1%,45.4%,2.25,12.6%,67.9%,42.9%,2.7%,2.25,18.9%,85.4%,53.7%,4.2%,2.25,2.5%,4.2,4.3,4.2,52.4%,52.2%,52.6%,45.9%,55.9%,19.6%,11.4,8.7,0.2,0.2,1.0%,65.4%,8.9%,70.7%,14.8%,19.6%,11.3%,6.2%,23.8%,1.1%,28.5%,-50,-36
102,Petr Korda,21,24.6%,36.3%,52.5%,30.6%,31.7%,45.5%,54.4%,41.9%,35.1%,62.7%,71.4%,17.4%,28.1%,49.7%,16.3%,67.4%,80.0%,49,58.6%,53.5%,2.9%,32.8%,2.03,27.0%,53.1%,49.4%,3.1%,1.99,32.1%,78.4%,57.8%,3.3%,2.1,19.6%,3.3,3.6,2.9,46.9%,52.2%,55.9%,57.4%,48.7%,29.2%,7.7,6.3,5.3,5.8,7.5%,64.7%,12.6%,69.8%,17.8%,25.1%,12.3%,15.4%,21.6%,0.4%,45.0%,80,60
103,Hubert Hurkacz,156,34.6%,46.1%,51.3%,41.0%,45.2%,58.2%,55.8%,55.3%,49.4%,49.2%,53.3%,17.9%,27.4%,45.7%,13.0%,38.9%,36.3%,40,68.3%,45.4%,3.2%,52.0%,2.28,21.5%,65.0%,41.6%,2.6%,2.24,32.5%,82.1%,50.8%,4.7%,2.33,7.9%,3.9,3.6,4.1,52.6%,48.2%,46.5%,47.7%,52.3%,16.0%,2.3,1.8,-2.0,-2.0,3.1%,67.0%,13.0%,68.2%,12.5%,16.4%,10.8%,6.8%,18.2%,1.4%,27.6%,-17,14
104,Jan Lennard Struff,34,34.8%,46.4%,48.7%,40.8%,46.8%,61.2%,53.4%,57.2%,46.0%,46.7%,41.9%,21.4%,30.4%,43.9%,20.0%,28.6%,33.9%,88,59.7%,49.4%,5.0%,49.6%,2.19,15.4%,54.2%,47.3%,4.6%,2.03,23.5%,77.9%,52.1%,6.4%,2.33,6.9%,3.2,3.2,3.2,49.0%,48.4%,44.7%,54.2%,47.2%,11.2%,3.7,4.7,-0.5,-0.6,17.5%,66.5%,16.1%,66.4%,15.7%,26.8%,14.0%,10.0%,34.3%,0.2%,36.4%,34,54
105,Dusan Lajovic,30,21.8%,33.7%,49.5%,29.6%,25.9%,40.8%,53.5%,37.4%,52.8%,50.8%,50.9%,14.1%,20.4%,41.4%,18.3%,60.8%,73.7%,25,71.0%,44.4%,3.8%,44.7%,2.27,9.6%,69.3%,41.2%,3.2%,2.23,12.3%,82.5%,49.4%,5.3%,2.35,4.3%,4.4,4.5,4.3,47.3%,49.3%,46.7%,43.5%,54.5%,28.8%,6.1,4.3,-1.4,-1.6,0.8%,82.4%,8.6%,68.1%,12.9%,18.5%,9.0%,7.5%,22.3%,1.7%,32.9%,-24,-25
106,Nick Kyrgios,120,40.6%,52.0%,51.3%,46.5%,50.8%,63.2%,54.6%,59.8%,43.3%,41.2%,57.9%,23.7%,34.5%,46.6%,31.4%,50.7%,43.0%,102,63.4%,43.9%,3.6%,50.7%,2.17,25.3%,58.0%,40.0%,3.1%,2.12,33.6%,80.7%,49.0%,5.0%,2.23,13.4%,3.4,3.2,3.6,52.3%,47.9%,44.3%,46.1%,51.4%,13.0%,5.2,5.0,-0.2,-0.2,7.0%,62.7%,9.5%,63.3%,16.2%,20.4%,14.7%,8.9%,19.2%,2.4%,32.2%,5,40
107,Tim Henman,31,29.9%,44.3%,48.8%,37.2%,41.5%,58.1%,51.3%,54.1%,48.6%,47.2%,52.5%,16.2%,29.4%,46.0%,16.5%,60.5%,76.6%,40,64.0%,47.0%,8.8%,41.0%,1.91,16.5%,60.1%,42.5%,9.4%,1.77,16.5%,78.9%,52.4%,9.1%,2.05,16.6%,3.2,3.1,3.3,48.9%,49.0%,44.2%,44.9%,48.7%,63.1%,3.7,4.4,0.5,1.6,45.2%,65.9%,35.2%,64.8%,17.1%,21.7%,10.0%,17.2%,30.3%,0.6%,22.2%,44,52
108,Jaume Munar,21,21.8%,29.2%,46.7%,27.3%,27.5%,37.6%,50.2%,36.1%,64.0%,57.3%,54.0%,13.8%,16.9%,41.1%,34.4%,47.9%,50.0%,18,76.7%,45.9%,5.2%,60.2%,2.34,5.8%,77.6%,44.3%,4.1%,2.36,8.8%,86.9%,48.9%,8.4%,2.32,1.1%,4.8,4.9,4.7,50.9%,47.4%,45.2%,44.0%,50.2%,19.1%,3.7,2.4,2.6,1.9,2.1%,64.1%,8.1%,68.3%,9.9%,14.2%,10.6%,5.6%,22.9%,1.7%,38.9%,-98,-80
109,Daniel Evans,37,25.0%,36.8%,52.9%,32.0%,31.6%,46.3%,57.9%,42.9%,34.9%,51.8%,53.5%,16.1%,23.9%,45.5%,22.3%,37.5%,40.0%,41,70.8%,48.6%,5.4%,47.3%,2.36,17.1%,66.2%,45.5%,4.4%,2.31,23.7%,86.2%,52.6%,7.7%,2.42,7.6%,4.3,4.3,4.2,49.9%,50.4%,52.2%,52.7%,49.0%,75.1%,8.5,7.6,1.8,6.2,7.9%,64.2%,15.1%,66.4%,13.2%,18.4%,9.2%,18.3%,33.8%,1.3%,27.6%,-59,-47
110,Benoit Paire,46,30.0%,44.4%,49.1%,36.9%,44.6%,63.6%,57.1%,57.7%,52.3%,58.4%,53.1%,16.5%,27.3%,42.4%,36.4%,46.8%,45.5%,37,66.6%,48.9%,4.4%,47.1%,2.2,14.5%,66.2%,43.8%,3.5%,2.05,23.9%,76.1%,56.9%,6.7%,2.31,6.7%,3.4,3.1,3.7,48.9%,51.3%,46.7%,42.4%,49.7%,12.6%,-2.2,-2.3,2.0,2.1,10.0%,67.9%,14.4%,69.5%,11.0%,17.8%,5.4%,14.5%,32.7%,4.0%,23.2%,58,74
111,Jiri Lehecka,21,27.5%,40.6%,52.4%,35.0%,34.4%,49.7%,56.4%,46.2%,48.6%,47.1%,45.2%,16.8%,27.0%,46.2%,22.7%,35.8%,42.2%,50,63.4%,48.4%,2.7%,51.2%,2.16,15.4%,57.6%,43.8%,2.5%,2.07,24.8%,79.1%,53.8%,3.3%,2.28,0.9%,3.8,3.9,3.7,49.0%,52.0%,48.0%,47.0%,54.1%,14.8%,3.6,3.2,-0.8,-0.9,5.5%,64.6%,13.6%,66.8%,15.2%,25.8%,12.3%,7.4%,31.2%,0.6%,26.7%,25,13
112,Thomaz Bellucci,20,27.5%,38.8%,50.4%,33.2%,35.4%,48.8%,50.8%,45.1%,46.8%,57.8%,58.5%,18.3%,27.8%,49.8%,25.2%,46.3%,63.2%,62,69.8%,49.2%,2.7%,51.2%,2.23,14.7%,64.6%,44.8%,2.6%,2.17,22.6%,85.0%,54.8%,3.1%,2.31,4.2%,4.1,3.9,4.3,48.7%,52.3%,49.7%,47.8%,54.5%,8.5%,4.9,3.5,-2.9,-2.5,1.4%,42.9%,7.7%,68.6%,11.5%,22.4%,5.6%,7.0%,17.1%,1.8%,52.0%,-7,5
113,Federico Delbonis,29,24.3%,34.1%,51.2%,30.1%,29.7%,41.4%,53.3%,39.1%,27.4%,55.3%,61.4%,17.8%,25.5%,48.1%,13.8%,59.4%,58.1%,58,64.6%,46.3%,3.3%,41.3%,2.24,13.3%,57.6%,45.2%,2.3%,2.22,20.1%,83.5%,47.8%,5.6%,2.28,3.3%,4.2,4.3,4.1,46.3%,49.7%,47.0%,46.2%,56.3%,15.1%,6.2,4.3,-2.9,-3.0,0.5%,50.0%,8.9%,66.1%,11.8%,17.5%,9.1%,6.3%,9.6%,1.0%,39.5%,-14,-10
114,Tallon Griekspoor,50,30.6%,43.8%,50.3%,38.2%,38.0%,53.9%,55.2%,50.0%,46.6%,53.2%,48.9%,19.7%,29.2%,43.2%,28.3%,49.4%,58.6%,66,65.7%,48.4%,5.7%,54.3%,2.25,16.9%,63.1%,44.5%,4.7%,2.19,25.2%,78.3%,54.0%,8.1%,2.34,4.9%,3.6,3.4,3.7,50.7%,48.7%,47.0%,49.3%,54.4%,23.8%,7.7,6.4,-1.7,-2.2,6.4%,65.6%,13.4%,68.0%,17.1%,22.6%,15.9%,9.8%,29.7%,0.9%,31.8%,17,35
115,Robin Haase,55,28.3%,39.3%,51.5%,34.4%,38.1%,51.5%,55.5%,48.7%,45.5%,52.1%,65.7%,16.5%,25.3%,47.0%,18.9%,46.4%,50.4%,45,69.5%,44.6%,3.6%,40.4%,2.2,20.4%,66.3%,40.8%,2.9%,2.2,30.0%,83.1%,50.0%,5.4%,2.2,9.6%,4.1,3.9,4.2,50.4%,47.4%,45.9%,47.2%,53.7%,36.0%,6.8,5.4,-2.7,-3.7,4.0%,67.3%,10.6%,72.1%,12.3%,15.4%,12.1%,8.4%,25.7%,2.4%,30.8%,-46,-21
116,Gilles Simon,67,20.5%,27.6%,51.9%,25.4%,25.6%,35.4%,55.6%,33.8%,63.0%,34.8%,34.7%,13.7%,17.1%,46.7%,13.8%,52.1%,58.7%,22,70.4%,50.0%,4.2%,57.9%,2.32,17.0%,65.2%,45.2%,2.6%,2.29,23.0%,85.9%,56.4%,7.4%,2.36,8.7%,5.4,6.0,4.9,46.6%,51.5%,53.0%,51.8%,49.3%,3.0%,8.2,4.7,3.8,2.0,1.0%,67.3%,9.8%,67.2%,8.1%,14.1%,6.0%,5.7%,18.3%,0.1%,28.0%,-103,-92
117,Aslan Karatsev,35,24.7%,37.5%,52.6%,32.0%,32.5%,48.6%,56.1%,45.0%,43.8%,51.8%,47.8%,16.5%,26.2%,47.9%,8.6%,38.7%,43.1%,42,61.7%,52.8%,2.4%,49.3%,2.3,15.2%,58.9%,51.6%,2.2%,2.23,22.6%,77.0%,54.4%,3.4%,2.39,5.5%,3.8,3.8,3.7,47.3%,52.1%,58.1%,50.8%,48.7%,9.8%,7.6,6.1,2.0,1.6,0.8%,71.4%,8.8%,73.9%,16.6%,23.0%,19.5%,10.2%,29.0%,0.8%,25.7%,73,56
118,Roberto Bautista Agut,86,23.5%,32.8%,55.2%,29.9%,27.7%,39.9%,59.1%,37.2%,46.5%,50.4%,49.2%,16.3%,20.1%,47.8%,18.8%,52.7%,64.5%,17,68.9%,47.6%,2.9%,47.7%,2.31,15.0%,63.4%,43.8%,1.9%,2.28,20.9%,85.2%,52.5%,4.9%,2.35,4.2%,4.8,5.2,4.5,49.1%,52.0%,53.1%,49.6%,51.5%,16.6%,10.6,6.9,-1.2,-1.0,0.4%,73.1%,8.4%,69.6%,12.1%,15.7%,12.3%,3.4%,18.6%,1.2%,36.2%,-77,-69
119,Marco Cecchinato,26,23.6%,37.1%,53.4%,32.6%,27.7%,43.3%,55.5%,40.6%,39.9%,60.7%,69.3%,15.7%,25.5%,48.9%,33.8%,70.3%,88.4%,39,73.3%,46.6%,4.5%,39.8%,2.26,11.2%,72.0%,43.3%,3.9%,2.23,15.0%,83.8%,52.2%,6.1%,2.32,3.2%,4.1,3.9,4.4,50.0%,52.5%,49.1%,47.0%,53.4%,24.9%,6.2,4.6,0.2,0.2,2.7%,74.1%,10.4%,72.4%,14.5%,20.4%,11.6%,7.6%,24.8%,4.2%,37.3%,3,6
120,Jack Sock,27,30.0%,41.8%,49.9%,36.7%,38.7%,52.7%,52.8%,49.6%,41.7%,43.9%,45.9%,18.3%,27.9%,46.2%,16.0%,38.0%,39.2%,62,67.2%,47.7%,2.8%,40.7%,2.29,19.6%,63.6%,43.8%,2.6%,2.28,26.4%,80.9%,53.3%,3.3%,2.3,10.8%,3.6,3.5,3.8,49.2%,49.2%,49.0%,48.1%,59.4%,31.4%,6.7,6.1,-2.7,-4.9,4.9%,66.7%,11.0%,69.2%,15.5%,20.5%,11.3%,6.9%,15.7%,2.2%,26.7%,22,32
121,Jim Courier,47,25.6%,37.3%,54.5%,32.1%,33.2%,47.3%,58.6%,44.4%,49.3%,48.3%,44.5%,17.0%,26.6%,49.1%,34.5%,58.2%,63.1%,44,66.0%,49.4%,3.4%,51.6%,2.01,30.7%,63.8%,45.9%,3.2%,1.99,40.6%,81.6%,53.6%,4.5%,2.04,17.7%,3.7,4.2,3.3,51.2%,51.0%,53.6%,48.3%,55.5%,20.8%,11.8,8.0,3.9,4.2,6.6%,60.8%,13.6%,67.6%,14.6%,18.1%,7.5%,11.0%,29.1%,0.6%,34.2%,-10,-6
122,Karim Mohamed Maamoun,46,19.2%,29.6%,51.2%,25.2%,24.2%,37.4%,54.6%,33.8%,39.4%,45.4%,44.1%,12.9%,19.4%,45.9%,10.7%,50.6%,54.5%,8,67.4%,49.7%,2.5%,59.3%,1.97,9.6%,63.5%,45.4%,2.3%,1.98,12.6%,83.4%,55.1%,3.3%,1.97,4.8%,4.4,4.7,4.1,46.9%,48.8%,54.3%,48.7%,48.6%,14.9%,4.9,4.2,-2.8,-2.4,0.2%,83.3%,6.7%,60.5%,13.1%,14.7%,6.9%,5.7%,28.0%,2.2%,37.7%,-9,-10
123,Paolo Lorenzi,21,27.0%,36.3%,51.5%,33.2%,36.5%,49.1%,58.7%,47.7%,46.2%,47.0%,38.5%,17.6%,23.5%,43.6%,37.9%,51.3%,58.8%,57,70.3%,43.1%,3.9%,50.0%,2.29,12.5%,68.2%,40.7%,2.1%,2.21,20.9%,85.4%,46.8%,8.0%,2.38,3.6%,4.4,4.5,4.4,49.3%,50.1%,48.9%,43.2%,47.9%,16.7%,-0.5,-0.4,-0.0,-0.0,7.6%,74.6%,14.5%,68.8%,8.3%,14.0%,7.7%,5.4%,16.6%,1.4%,39.0%,-71,-48
124,Marcelo Rios,31,23.7%,35.8%,53.5%,30.0%,30.9%,45.7%,56.5%,42.0%,47.4%,63.9%,68.4%,16.1%,25.6%,49.8%,49.0%,69.3%,75.4%,28,70.7%,51.7%,2.9%,41.8%,2.21,21.5%,65.6%,47.2%,2.4%,2.14,29.0%,85.7%,56.3%,3.8%,2.3,12.4%,4.4,4.3,4.5,50.5%,51.4%,53.4%,55.3%,48.0%,8.5%,9.4,6.2,2.5,1.7,2.5%,71.4%,11.5%,70.6%,13.2%,21.5%,5.9%,8.5%,14.0%,0.4%,26.2%,-18,-14
125,Sebastian Baez,31,18.5%,27.5%,51.9%,25.6%,19.9%,30.7%,54.7%,29.7%,46.5%,32.3%,25.3%,16.9%,21.7%,43.9%,21.4%,42.4%,38.8%,50,70.3%,52.7%,4.6%,65.7%,2.26,5.2%,67.7%,49.0%,4.5%,2.25,6.5%,84.5%,58.3%,5.4%,2.3,1.6%,4.6,4.8,4.4,46.3%,54.7%,55.5%,51.6%,55.9%,16.1%,7.1,5.0,1.0,1.0,0.5%,80.0%,8.1%,69.1%,12.1%,17.2%,10.9%,6.0%,19.0%,2.1%,44.7%,-35,-43
126,Stan Wawrinka,140,29.5%,40.8%,51.1%,35.8%,38.5%,52.3%,55.6%,49.3%,47.2%,49.2%,46.7%,18.4%,26.8%,46.1%,23.5%,54.6%,57.9%,15,69.1%,46.1%,3.3%,48.6%,2.25,19.9%,66.1%,42.2%,2.6%,2.19,28.6%,82.0%,51.8%,5.0%,2.32,10.2%,4.1,4.0,4.2,50.8%,47.7%,50.3%,49.4%,49.6%,31.1%,5.9,4.4,0.3,0.2,2.7%,71.7%,9.9%,68.6%,14.2%,20.4%,16.1%,10.1%,25.4%,0.6%,28.7%,0,9
127,Boris Becker,109,34.9%,47.0%,50.0%,41.4%,48.8%,63.6%,55.4%,60.6%,43.9%,48.4%,52.0%,21.5%,32.2%,44.6%,27.8%,48.8%,60.1%,87,64.5%,49.3%,9.1%,40.6%,1.71,29.3%,63.1%,45.4%,7.1%,1.58,33.3%,78.5%,54.5%,14.0%,1.83,25.3%,3.1,2.9,3.2,51.3%,50.0%,47.2%,50.6%,38.9%,39.3%,5.4,7.6,1.8,2.7,61.2%,68.1%,35.3%,66.9%,17.2%,22.2%,12.6%,12.7%,21.9%,0.6%,26.5%,30,65
128,Fabio Fognini,63,19.6%,30.7%,50.9%,26.8%,25.2%,40.0%,54.4%,37.3%,48.4%,41.2%,35.8%,12.6%,18.9%,46.0%,28.8%,36.5%,43.5%,6,72.9%,48.1%,3.6%,54.2%,2.3,10.1%,69.6%,44.8%,2.2%,2.29,15.6%,84.0%,53.0%,6.2%,2.32,2.4%,4.4,4.4,4.4,45.6%,51.0%,53.2%,49.0%,48.4%,18.5%,5.4,4.4,-1.1,-0.9,0.6%,80.0%,9.4%,77.1%,14.8%,19.4%,9.5%,7.1%,20.3%,1.9%,36.6%,15,6
129,Stefanos Tsitsipas,164,30.5%,43.4%,54.5%,38.3%,39.1%,54.7%,59.4%,51.6%,51.0%,44.8%,46.4%,16.9%,26.3%,47.8%,24.6%,35.2%,40.8%,41,68.3%,44.4%,3.3%,59.3%,2.21,12.9%,63.9%,41.5%,2.4%,2.16,19.6%,84.3%,48.9%,5.6%,2.26,3.8%,4.0,3.8,4.2,51.3%,49.5%,46.5%,49.7%,53.3%,22.2%,9.2,6.7,-1.6,-1.7,4.9%,70.7%,13.4%,71.8%,15.6%,22.0%,13.4%,6.2%,22.2%,1.5%,31.0%,-21,-5
130,David Goffin,80,25.6%,35.2%,52.4%,31.3%,34.4%,46.8%,56.7%,44.3%,49.2%,47.7%,53.0%,15.3%,21.5%,47.3%,32.5%,49.3%,47.8%,34,67.9%,51.1%,3.7%,47.2%,2.31,17.9%,63.7%,46.9%,2.3%,2.26,27.1%,82.5%,56.8%,6.6%,2.37,7.2%,4.2,4.4,4.1,49.0%,52.6%,52.9%,49.9%,53.3%,14.3%,9.3,6.3,1.1,1.0,1.2%,74.0%,9.7%,72.1%,12.5%,17.2%,9.4%,7.7%,20.7%,0.8%,33.5%,-27,-19
131,Daniil Medvedev,215,31.2%,41.5%,55.1%,37.3%,40.7%,53.6%,58.2%,50.4%,52.3%,47.2%,50.0%,17.6%,24.4%,50.7%,44.9%,59.8%,63.9%,52,73.3%,49.0%,3.2%,52.6%,2.26,19.8%,69.2%,44.6%,2.1%,2.21,30.4%,88.9%,55.6%,5.8%,2.33,5.6%,4.8,4.4,5.1,53.0%,52.8%,51.5%,52.8%,45.8%,7.7%,6.4,4.8,5.4,3.5,1.8%,63.8%,9.7%,66.2%,10.3%,15.3%,11.3%,6.6%,19.7%,1.3%,29.1%,-81,-49
132,Pedro Martinez,20,19.0%,28.6%,51.6%,25.9%,21.7%,33.7%,54.3%,32.3%,42.0%,54.0%,51.1%,16.2%,22.3%,46.1%,36.2%,51.9%,47.4%,34,75.3%,47.7%,3.9%,54.0%,2.2,7.0%,73.0%,44.2%,3.5%,2.16,9.6%,88.0%,53.7%,5.3%,2.28,1.7%,4.7,4.8,4.6,49.7%,45.6%,51.5%,48.9%,53.5%,25.0%,7.0,4.7,2.1,1.9,3.7%,71.7%,14.7%,67.7%,10.5%,11.0%,15.3%,7.1%,19.5%,3.4%,31.9%,-63,-53
133,Robin Soderling,25,31.1%,41.8%,52.5%,37.8%,39.8%,52.1%,55.6%,50.5%,51.4%,42.6%,35.9%,18.0%,26.9%,48.2%,23.8%,33.8%,36.8%,61,62.6%,48.8%,2.6%,50.9%,2.16,30.8%,56.1%,44.3%,1.7%,2.15,40.6%,79.9%,54.7%,4.4%,2.17,17.2%,3.9,3.8,4.1,48.2%,52.0%,52.2%,49.5%,55.4%,9.2%,7.7,5.1,0.8,0.7,0.3%,83.3%,10.5%,68.5%,14.3%,15.1%,15.7%,8.7%,19.6%,0.1%,30.0%,22,30
134,Andrey Rublev,123,30.5%,40.3%,51.5%,36.2%,40.1%,52.7%,57.5%,49.4%,48.5%,45.9%,45.7%,16.6%,22.5%,44.1%,9.5%,51.3%,59.0%,36,64.7%,51.1%,5.5%,51.4%,2.31,13.9%,59.0%,47.6%,2.8%,2.29,22.8%,83.2%,55.7%,11.3%,2.33,3.0%,4.0,4.2,3.8,50.1%,51.5%,53.0%,52.5%,49.9%,9.7%,12.1,10.0,0.9,0.8,0.7%,77.6%,6.6%,70.5%,16.3%,20.9%,14.9%,5.6%,20.7%,0.2%,37.9%,-35,-20
135,Ivo Karlovic,42,47.8%,62.7%,50.1%,54.9%,58.6%,74.0%,55.6%,69.3%,43.9%,57.2%,58.4%,31.9%,48.2%,42.7%,28.1%,29.7%,16.3%,124,56.3%,37.9%,8.9%,42.0%,1.51,20.3%,55.2%,33.9%,6.3%,1.43,26.7%,66.3%,45.4%,15.7%,1.62,11.8%,2.4,2.1,2.8,49.5%,47.4%,34.1%,60.7%,46.2%,91.1%,-0.9,-1.9,-1.0,-26.3,76.4%,65.5%,37.0%,63.6%,22.2%,27.2%,24.3%,12.0%,11.1%,1.4%,28.1%,95,156
136,Nikoloz Basilashvili,44,24.8%,34.8%,51.3%,30.6%,32.3%,44.6%,53.8%,42.3%,58.0%,61.7%,57.1%,17.0%,24.8%,48.1%,29.9%,49.7%,56.5%,45,62.3%,52.7%,3.0%,45.8%,2.29,9.6%,55.1%,48.8%,2.5%,2.28,15.7%,81.2%,57.4%,4.4%,2.3,1.9%,4.0,4.1,3.9,45.8%,52.7%,56.0%,53.4%,53.0%,5.1%,6.8,4.6,2.0,1.6,0.7%,39.1%,5.8%,65.9%,13.7%,16.8%,13.6%,9.2%,23.2%,0.4%,21.2%,48,42
137,Laslo Djere,30,24.6%,35.5%,51.2%,30.4%,33.6%,47.2%,54.0%,43.2%,50.1%,48.2%,50.5%,12.4%,20.1%,47.5%,21.0%,50.6%,64.5%,1,68.4%,47.7%,2.2%,50.9%,2.3,14.4%,64.6%,45.1%,1.8%,2.3,21.4%,82.8%,51.3%,3.3%,2.3,5.2%,4.4,4.5,4.4,49.0%,47.5%,48.9%,48.5%,51.5%,19.1%,7.1,4.9,-1.9,-1.6,2.2%,68.8%,7.8%,67.0%,12.1%,16.8%,11.3%,5.6%,18.0%,1.0%,26.1%,-17,-6
138,Tommy Haas,40,29.1%,38.9%,48.8%,34.8%,36.6%,48.9%,50.7%,46.3%,42.0%,49.1%,53.8%,20.8%,27.7%,46.3%,26.1%,40.7%,56.1%,72,66.1%,44.8%,3.3%,31.0%,2.15,25.9%,60.3%,40.1%,2.6%,2.13,34.7%,81.7%,50.1%,4.6%,2.17,14.5%,4.0,4.0,4.0,48.0%,48.0%,45.3%,47.1%,46.5%,33.7%,3.3,2.7,1.0,1.0,6.3%,63.3%,11.7%,66.5%,12.3%,16.4%,9.3%,10.0%,26.1%,1.3%,28.9%,-16,2
139,Rafael Nadal,450,22.8%,32.8%,56.7%,29.5%,26.8%,38.7%,58.9%,36.5%,28.1%,53.7%,59.6%,15.4%,21.7%,52.2%,10.9%,43.6%,51.8%,31,73.9%,50.8%,3.3%,44.0%,2.24,10.2%,70.4%,46.8%,2.8%,2.24,13.8%,87.5%,56.6%,4.5%,2.24,2.6%,4.8,5.0,4.5,51.2%,54.3%,54.7%,54.0%,54.9%,17.4%,15.5,8.7,2.7,2.2,1.4%,77.6%,8.6%,73.7%,12.7%,18.7%,8.6%,7.5%,11.5%,0.8%,40.6%,-70,-59
140,Bernard Tomic,31,32.0%,42.4%,49.9%,37.9%,40.9%,53.3%,53.7%,49.7%,53.9%,51.7%,52.0%,14.5%,21.2%,43.9%,28.4%,46.3%,56.8%,20,61.7%,46.2%,4.0%,58.2%,2.38,29.0%,54.7%,43.0%,2.7%,2.32,38.5%,81.6%,50.3%,6.9%,2.47,14.2%,3.9,4.1,3.7,50.3%,44.3%,53.3%,47.9%,50.1%,36.5%,7.3,6.1,-0.9,-1.1,1.1%,51.9%,6.6%,70.9%,13.9%,16.9%,14.7%,8.0%,18.5%,0.7%,34.5%,-21,-12
141,David Nalbandian,44,20.4%,30.6%,51.7%,26.7%,25.6%,37.7%,53.8%,35.9%,43.3%,54.4%,55.1%,13.7%,21.7%,48.6%,16.9%,61.7%,72.2%,19,68.0%,51.8%,4.5%,49.7%,2.17,17.4%,61.5%,45.6%,4.5%,2.14,20.5%,84.5%,58.7%,5.1%,2.22,12.7%,4.5,4.7,4.2,46.6%,49.5%,56.2%,52.5%,46.4%,14.3%,8.7,6.1,5.4,3.6,1.8%,64.8%,11.4%,67.9%,12.5%,17.2%,10.4%,8.8%,21.5%,1.4%,36.2%,-22,-22
142,Guillermo Coria,27,16.3%,22.6%,51.8%,21.3%,19.1%,26.8%,53.8%,26.5%,60.7%,55.2%,52.1%,12.1%,15.9%,47.2%,41.0%,40.3%,41.4%,-1,76.4%,50.2%,3.8%,70.0%,2.28,10.1%,74.0%,46.3%,2.7%,2.25,13.4%,90.1%,55.7%,6.3%,2.36,2.8%,5.5,5.7,5.3,48.7%,49.7%,50.7%,53.1%,51.7%,6.4%,6.0,2.9,5.9,2.9,0.9%,65.2%,10.7%,67.9%,7.4%,11.8%,6.4%,6.2%,20.4%,2.2%,29.4%,-88,-82
143,Viktor Troicki,21,30.4%,38.7%,44.3%,36.1%,38.5%,49.8%,51.8%,47.9%,43.1%,43.6%,43.9%,19.2%,23.2%,34.8%,39.8%,36.5%,55.1%,31,67.8%,43.4%,4.0%,54.4%,2.26,18.8%,65.4%,39.4%,2.4%,2.23,30.8%,80.1%,49.2%,7.4%,2.3,3.8%,4.0,4.0,4.0,50.2%,45.5%,38.7%,37.3%,47.3%,9.0%,-4.1,-4.6,-2.2,-2.1,3.4%,63.6%,11.4%,62.4%,6.9%,11.5%,5.4%,7.4%,22.1%,0.9%,52.5%,-30,-8
144,Ivan Lendl,92,24.5%,34.7%,52.6%,30.4%,36.3%,49.0%,56.4%,47.3%,50.2%,55.1%,56.9%,12.3%,21.0%,48.8%,26.2%,68.7%,81.8%,8,65.5%,51.1%,5.0%,40.5%,1.93,29.3%,64.7%,49.5%,3.8%,1.86,37.2%,81.3%,53.3%,8.4%,2.01,21.7%,4.5,4.7,4.3,50.5%,52.0%,51.9%,49.1%,42.5%,43.9%,10.2,6.6,3.5,3.0,18.1%,63.9%,17.1%,66.8%,12.3%,18.6%,7.9%,8.7%,26.2%,0.5%,31.6%,-52,-39
145,Frances Tiafoe,53,28.9%,40.0%,49.5%,35.4%,37.0%,51.1%,53.6%,47.5%,58.6%,37.4%,38.9%,17.7%,24.3%,44.0%,22.1%,52.9%,63.4%,38,63.7%,47.7%,4.5%,41.3%,2.28,14.7%,56.8%,44.4%,3.4%,2.24,20.8%,82.7%,51.7%,7.1%,2.33,6.7%,3.9,4.0,3.8,48.4%,49.0%,49.1%,46.7%,46.0%,19.7%,3.8,3.4,2.5,2.2,3.9%,55.8%,12.1%,65.7%,14.9%,20.2%,15.8%,8.2%,23.3%,2.0%,27.4%,-5,2
146,Diego Schwartzman,113,18.6%,26.3%,52.4%,23.8%,21.7%,31.3%,54.8%,30.1%,57.7%,39.3%,32.3%,15.0%,20.2%,48.2%,26.7%,39.7%,39.2%,30,71.9%,50.6%,3.6%,56.8%,2.39,7.5%,68.5%,46.3%,2.5%,2.35,9.8%,87.3%,56.6%,6.0%,2.44,3.5%,5.0,5.1,4.8,47.3%,51.9%,54.6%,50.9%,49.7%,11.4%,5.2,3.2,3.3,2.1,0.6%,70.7%,8.8%,68.9%,8.9%,13.6%,5.7%,6.0%,25.4%,1.2%,38.6%,-67,-63
147,Philipp Kohlschreiber,41,25.8%,38.1%,52.6%,33.0%,31.7%,45.9%,56.5%,43.3%,40.8%,47.4%,57.7%,16.9%,26.5%,47.0%,22.1%,40.0%,54.4%,-4,67.2%,48.8%,3.9%,46.5%,2.19,14.3%,62.6%,45.8%,2.8%,2.12,17.8%,81.9%,52.6%,6.3%,2.29,9.3%,4.0,4.3,3.7,50.0%,51.3%,49.6%,46.8%,52.7%,27.3%,8.7,6.9,0.6,0.7,0.6%,77.8%,9.1%,67.5%,14.9%,18.3%,13.6%,9.9%,28.3%,1.9%,32.8%,-4,-1
148,Pablo Cuevas,37,28.6%,39.6%,55.8%,34.4%,36.3%,49.9%,58.0%,45.8%,38.7%,58.4%,55.4%,18.2%,26.0%,52.8%,22.8%,55.0%,58.2%,60,68.3%,49.1%,2.2%,49.2%,2.28,16.4%,63.9%,46.3%,2.0%,2.25,22.3%,84.0%,53.3%,2.9%,2.33,8.5%,4.1,4.1,4.1,50.8%,53.1%,52.4%,50.9%,54.0%,17.6%,9.6,7.2,-0.2,-0.2,2.1%,67.3%,7.6%,73.7%,13.4%,19.2%,8.1%,6.6%,19.6%,0.7%,42.3%,-19,-4
149,Richard Krajicek,21,39.3%,53.2%,47.9%,46.0%,53.5%,68.5%,56.5%,65.4%,45.7%,39.5%,28.1%,23.6%,37.6%,40.3%,11.8%,49.4%,69.8%,59,63.3%,43.4%,12.3%,38.4%,1.54,13.9%,63.3%,40.8%,7.3%,1.4,22.1%,75.3%,47.3%,23.2%,1.67,6.9%,2.7,2.3,3.2,50.4%,50.6%,39.5%,49.0%,40.6%,66.0%,3.5,6.4,-0.4,-1.5,86.2%,63.6%,42.9%,63.0%,19.0%,24.4%,12.6%,23.6%,44.3%,0.3%,25.0%,43,85
150,Marin Cilic,91,32.2%,44.3%,50.8%,38.5%,44.5%,59.2%,56.7%,55.4%,55.1%,45.5%,45.5%,16.7%,26.2%,44.8%,13.4%,49.6%,53.3%,48,64.9%,49.3%,3.4%,42.0%,2.23,20.8%,60.0%,46.3%,2.0%,2.18,32.6%,80.0%,53.4%,6.4%,2.28,8.8%,3.7,3.5,3.8,49.7%,50.6%,49.1%,49.9%,54.4%,12.9%,8.4,6.0,-2.0,-1.9,2.1%,66.0%,9.6%,69.8%,16.9%,19.5%,14.3%,7.6%,28.9%,0.8%,35.6%,35,45
151,Alexandr Dolgopolov,24,29.5%,41.8%,51.1%,35.5%,40.8%,56.9%,58.1%,51.8%,62.9%,56.2%,50.0%,17.5%,25.9%,44.5%,51.2%,56.0%,72.5%,47,61.8%,50.9%,5.0%,62.0%,2.23,19.4%,58.7%,46.6%,2.2%,2.15,29.3%,76.0%,57.2%,10.9%,2.3,10.1%,3.7,3.8,3.7,49.0%,49.8%,51.5%,51.7%,48.2%,15.6%,6.6,7.0,1.4,1.4,1.4%,60.9%,7.4%,71.6%,17.4%,23.3%,13.8%,9.4%,32.7%,1.9%,34.3%,29,32
152,Juan Martin Del Potro,144,30.6%,41.7%,53.7%,37.3%,39.2%,53.1%,57.7%,49.6%,38.8%,41.9%,49.1%,16.8%,23.4%,47.9%,13.0%,35.9%,41.3%,39,69.1%,46.7%,3.3%,40.6%,2.22,23.2%,64.1%,43.8%,2.5%,2.16,29.8%,85.9%,50.5%,5.0%,2.3,13.7%,4.2,4.2,4.3,52.0%,50.2%,47.6%,50.8%,48.2%,27.5%,11.5,8.4,1.1,1.0,0.6%,64.6%,7.7%,67.0%,15.8%,19.9%,12.0%,6.7%,25.4%,0.8%,30.0%,-48,-25
153,Filip Krajinovic,35,23.9%,35.5%,51.7%,31.0%,30.0%,43.5%,53.9%,41.1%,40.7%,51.8%,50.0%,14.1%,22.7%,48.1%,13.9%,41.6%,41.4%,17,62.5%,46.2%,4.4%,51.4%,2.33,14.6%,54.3%,42.9%,3.8%,2.26,20.6%,81.8%,49.6%,5.9%,2.43,5.4%,4.0,4.3,3.8,47.0%,47.6%,52.2%,48.6%,47.2%,18.6%,0.6,0.6,1.7,1.7,4.3%,70.8%,12.6%,73.4%,9.7%,15.3%,8.9%,9.7%,29.1%,1.9%,41.3%,-23,-30
154,Jordan Thompson,22,29.1%,37.8%,47.8%,34.5%,39.1%,49.1%,51.9%,47.8%,47.5%,42.0%,44.7%,15.8%,23.3%,42.4%,22.4%,27.0%,25.0%,34,65.9%,48.5%,4.1%,59.0%,2.26,12.9%,63.7%,44.9%,3.7%,2.19,18.0%,83.8%,53.4%,5.7%,2.35,6.3%,4.2,4.2,4.2,49.4%,49.6%,46.6%,49.0%,53.7%,17.5%,0.9,0.6,-2.1,-1.9,7.8%,70.5%,12.6%,70.7%,9.3%,11.1%,10.3%,5.7%,16.6%,0.5%,22.6%,-47,-27
155,Vasek Pospisil,24,35.6%,48.2%,50.9%,42.0%,46.9%,62.9%,56.4%,58.0%,42.6%,48.7%,39.4%,22.6%,31.5%,45.2%,13.9%,42.3%,48.4%,61,55.4%,49.0%,4.5%,55.0%,2.15,21.9%,52.7%,45.9%,3.2%,1.99,29.4%,68.5%,53.8%,7.7%,2.31,14.2%,3.2,3.3,3.2,49.6%,49.9%,47.3%,45.1%,56.2%,33.4%,4.1,4.2,-2.7,-5.1,10.3%,78.0%,14.2%,70.7%,16.9%,24.1%,9.3%,4.7%,19.4%,0.8%,40.5%,49,64
156,Alex De Minaur,73,23.6%,32.4%,53.2%,29.1%,30.0%,41.1%,56.4%,39.1%,43.9%,39.6%,37.7%,15.3%,20.9%,48.8%,13.7%,50.2%,64.8%,36,71.7%,47.6%,3.3%,47.5%,2.31,13.5%,67.9%,44.8%,1.9%,2.27,19.3%,87.4%,51.5%,6.0%,2.36,5.5%,5.0,5.1,4.8,50.0%,49.9%,51.0%,50.6%,47.9%,11.8%,6.0,3.8,1.1,0.7,1.2%,71.0%,12.4%,70.0%,10.5%,14.2%,4.9%,5.2%,18.1%,0.7%,32.9%,-75,-62
